"","i","t","s","date","open","completed","new"
"1",0,0,"C_999",2023-04-01,974710,324250,0
"2",0,1,"C_999",2023-05-01,1064852,376461,0
"3",0,2,"C_999",2023-06-01,1091577,406544,0
"4",0,3,"C_999",2023-07-01,1072983,388922,0
"5",0,4,"C_999",2023-08-01,968731,380561,0
"6",0,5,"C_999",2023-09-01,1026556,365309,0
"7",0,6,"C_999",2023-10-01,1060120,382121,0
"8",0,7,"C_999",2023-11-01,1072140,395130,0
"9",0,8,"C_999",2023-12-01,813975,328842,0
"10",0,9,"C_999",2024-01-01,1104645,368312,0
"11",0,10,"C_999",2024-02-01,1088400,384867,0
"12",0,11,"C_999",2024-03-01,985583,371468,0
"13",0,12,"C_999",2024-04-01,1113934,361873,0
"14",0,13,"C_999",2024-05-01,1053570,387451,0
"15",0,14,"C_999",2024-06-01,1047875,366197,0
"16",0,15,"C_999",2024-07-01,1049446,407904,0
"17",0,16,"C_999",2024-08-01,925375,358047,0
"18",0,17,"C_999",2024-09-01,1058497,368564,0
"19",0,18,"C_999",2024-10-01,1076975,422744,0
"20",0,19,"C_999",2024-11-01,1049606,388145,0
"21",0,20,"C_999",2024-12-01,865661,351360,0
"22",0,21,"C_999",2025-01-01,1114229,372851,0
"23",0,22,"C_999",2025-02-01,1098866,384831,0
"24",0,23,"C_999",2025-03-01,1119784,400606,0
"25",0,24,"C_999",2025-04-01,994722,377910,0
"26",0,25,"C_999",2025-05-01,1050845,382437,0
"27",0,26,"C_999",2025-06-01,1150751,403974,0
"28",0,27,"C_999",2025-07-01,1097725,432425,0
"29",0,28,"C_999",2025-08-01,952739,357309,0
"30",0,29,"C_999",2025-09-01,1103405,392237,0
"31",1,0,"C_999",2023-04-01,1148259,225177,0
"32",1,1,"C_999",2023-05-01,1092569,238586,0
"33",1,2,"C_999",2023-06-01,1167816,255957,0
"34",1,3,"C_999",2023-07-01,1197072,249481,0
"35",1,4,"C_999",2023-08-01,1170678,252470,0
"36",1,5,"C_999",2023-09-01,1079537,238897,0
"37",1,6,"C_999",2023-10-01,1157456,253610,0
"38",1,7,"C_999",2023-11-01,1140465,270251,0
"39",1,8,"C_999",2023-12-01,1187965,212451,0
"40",1,9,"C_999",2024-01-01,894311,253723,0
"41",1,10,"C_999",2024-02-01,1189492,227835,0
"42",1,11,"C_999",2024-03-01,1190204,248885,0
"43",1,12,"C_999",2024-04-01,1068580,262927,0
"44",1,13,"C_999",2024-05-01,1186227,253217,0
"45",1,14,"C_999",2024-06-01,1168591,251109,0
"46",1,15,"C_999",2024-07-01,1176839,276334,0
"47",1,16,"C_999",2024-08-01,1158200,241536,0
"48",1,17,"C_999",2024-09-01,1069810,245460,0
"49",1,18,"C_999",2024-10-01,1169625,272317,0
"50",1,19,"C_999",2024-11-01,1163352,267017,0
"51",1,20,"C_999",2024-12-01,1203255,234904,0
"52",1,21,"C_999",2025-01-01,901842,267056,0
"53",1,22,"C_999",2025-02-01,1205185,229415,0
"54",1,23,"C_999",2025-03-01,1198752,275021,0
"55",1,24,"C_999",2025-04-01,1227074,273728,0
"56",1,25,"C_999",2025-05-01,1066857,268690,0
"57",1,26,"C_999",2025-06-01,1172323,275116,0
"58",1,27,"C_999",2025-07-01,1202145,298796,0
"59",1,28,"C_999",2025-08-01,1189322,263045,0
"60",1,29,"C_999",2025-09-01,1085731,275345,0
"61",2,0,"C_999",2023-04-01,996095,140900,0
"62",2,1,"C_999",2023-05-01,909772,170364,0
"63",2,2,"C_999",2023-06-01,919892,157444,0
"64",2,3,"C_999",2023-07-01,976923,151834,0
"65",2,4,"C_999",2023-08-01,1012698,158448,0
"66",2,5,"C_999",2023-09-01,980433,160059,0
"67",2,6,"C_999",2023-10-01,904559,156420,0
"68",2,7,"C_999",2023-11-01,958842,166724,0
"69",2,8,"C_999",2023-12-01,979677,129661,0
"70",2,9,"C_999",2024-01-01,973084,175645,0
"71",2,10,"C_999",2024-02-01,736099,136828,0
"72",2,11,"C_999",2024-03-01,1002448,135522,0
"73",2,12,"C_999",2024-04-01,988987,166690,0
"74",2,13,"C_999",2024-05-01,886150,159782,0
"75",2,14,"C_999",2024-06-01,993178,152050,0
"76",2,15,"C_999",2024-07-01,966579,168063,0
"77",2,16,"C_999",2024-08-01,1001198,148433,0
"78",2,17,"C_999",2024-09-01,953552,160682,0
"79",2,18,"C_999",2024-10-01,889831,165481,0
"80",2,19,"C_999",2024-11-01,975054,157621,0
"81",2,20,"C_999",2024-12-01,985463,139044,0
"82",2,21,"C_999",2025-01-01,993453,182425,0
"83",2,22,"C_999",2025-02-01,739540,140472,0
"84",2,23,"C_999",2025-03-01,992097,145333,0
"85",2,24,"C_999",2025-04-01,995415,161750,0
"86",2,25,"C_999",2025-05-01,1012148,172496,0
"87",2,26,"C_999",2025-06-01,860327,163027,0
"88",2,27,"C_999",2025-07-01,950197,170686,0
"89",2,28,"C_999",2025-08-01,1008442,151379,0
"90",2,29,"C_999",2025-09-01,964176,178644,0
"91",3,0,"C_999",2023-04-01,837208,93971,0
"92",3,1,"C_999",2023-05-01,848930,124258,0
"93",3,2,"C_999",2023-06-01,763905,126142,0
"94",3,3,"C_999",2023-07-01,789082,104476,0
"95",3,4,"C_999",2023-08-01,840279,108885,0
"96",3,5,"C_999",2023-09-01,860882,117249,0
"97",3,6,"C_999",2023-10-01,823787,123813,0
"98",3,7,"C_999",2023-11-01,753962,122777,0
"99",3,8,"C_999",2023-12-01,836939,93971,0
"100",3,9,"C_999",2024-01-01,821808,127884,0
"101",3,10,"C_999",2024-02-01,809267,120308,0
"102",3,11,"C_999",2024-03-01,628116,96769,0
"103",3,12,"C_999",2024-04-01,837988,112526,0
"104",3,13,"C_999",2024-05-01,842830,123898,0
"105",3,14,"C_999",2024-06-01,742493,112210,0
"106",3,15,"C_999",2024-07-01,840313,121130,0
"107",3,16,"C_999",2024-08-01,834502,108826,0
"108",3,17,"C_999",2024-09-01,834883,120993,0
"109",3,18,"C_999",2024-10-01,788057,129442,0
"110",3,19,"C_999",2024-11-01,747044,113894,0
"111",3,20,"C_999",2024-12-01,841047,98390,0
"112",3,21,"C_999",2025-01-01,828008,130853,0
"113",3,22,"C_999",2025-02-01,825467,117192,0
"114",3,23,"C_999",2025-03-01,615326,105994,0
"115",3,24,"C_999",2025-04-01,833221,103304,0
"116",3,25,"C_999",2025-05-01,833530,121479,0
"117",3,26,"C_999",2025-06-01,831753,128298,0
"118",3,27,"C_999",2025-07-01,714250,118709,0
"119",3,28,"C_999",2025-08-01,813717,105473,0
"120",3,29,"C_999",2025-09-01,834454,130370,0
"121",4,0,"C_999",2023-04-01,515262,62914,0
"122",4,1,"C_999",2023-05-01,702914,90882,0
"123",4,2,"C_999",2023-06-01,713856,101364,0
"124",4,3,"C_999",2023-07-01,643219,90872,0
"125",4,4,"C_999",2023-08-01,686595,83297,0
"126",4,5,"C_999",2023-09-01,706143,91526,0
"127",4,6,"C_999",2023-10-01,715375,101017,0
"128",4,7,"C_999",2023-11-01,680939,105845,0
"129",4,8,"C_999",2023-12-01,654269,74504,0
"130",4,9,"C_999",2024-01-01,701686,100426,0
"131",4,10,"C_999",2024-02-01,683220,94250,0
"132",4,11,"C_999",2024-03-01,681858,90060,0
"133",4,12,"C_999",2024-04-01,523494,78394,0
"134",4,13,"C_999",2024-05-01,698577,89273,0
"135",4,14,"C_999",2024-06-01,713139,91800,0
"136",4,15,"C_999",2024-07-01,627096,94584,0
"137",4,16,"C_999",2024-08-01,724150,84817,0
"138",4,17,"C_999",2024-09-01,691663,95874,0
"139",4,18,"C_999",2024-10-01,694390,106740,0
"140",4,19,"C_999",2024-11-01,662727,95697,0
"141",4,20,"C_999",2024-12-01,640736,75022,0
"142",4,21,"C_999",2025-01-01,708743,100917,0
"143",4,22,"C_999",2025-02-01,685418,91658,0
"144",4,23,"C_999",2025-03-01,681520,95285,0
"145",4,24,"C_999",2025-04-01,514613,75456,0
"146",4,25,"C_999",2025-05-01,697381,84022,0
"147",4,26,"C_999",2025-06-01,680394,96788,0
"148",4,27,"C_999",2025-07-01,677728,101143,0
"149",4,28,"C_999",2025-08-01,636772,76195,0
"150",4,29,"C_999",2025-09-01,666845,100223,0
"151",5,0,"C_999",2023-04-01,539015,62265,0
"152",5,1,"C_999",2023-05-01,432176,60748,0
"153",5,2,"C_999",2023-06-01,578180,73472,0
"154",5,3,"C_999",2023-07-01,596636,71150,0
"155",5,4,"C_999",2023-08-01,547510,69182,0
"156",5,5,"C_999",2023-09-01,576071,68285,0
"157",5,6,"C_999",2023-10-01,580858,76749,0
"158",5,7,"C_999",2023-11-01,585272,85128,0
"159",5,8,"C_999",2023-12-01,586095,62207,0
"160",5,9,"C_999",2024-01-01,546273,74909,0
"161",5,10,"C_999",2024-02-01,579299,73549,0
"162",5,11,"C_999",2024-03-01,574574,70762,0
"163",5,12,"C_999",2024-04-01,565990,73900,0
"164",5,13,"C_999",2024-05-01,448885,62009,0
"165",5,14,"C_999",2024-06-01,587854,68737,0
"166",5,15,"C_999",2024-07-01,595118,78200,0
"167",5,16,"C_999",2024-08-01,542568,63355,0
"168",5,17,"C_999",2024-09-01,600648,74749,0
"169",5,18,"C_999",2024-10-01,569381,81931,0
"170",5,19,"C_999",2024-11-01,568891,78464,0
"171",5,20,"C_999",2024-12-01,562074,62563,0
"172",5,21,"C_999",2025-01-01,539179,72592,0
"173",5,22,"C_999",2025-02-01,585165,71822,0
"174",5,23,"C_999",2025-03-01,565788,75746,0
"175",5,24,"C_999",2025-04-01,563049,69848,0
"176",5,25,"C_999",2025-05-01,429920,59725,0
"177",5,26,"C_999",2025-06-01,568568,70942,0
"178",5,27,"C_999",2025-07-01,562968,77262,0
"179",5,28,"C_999",2025-08-01,539977,65894,0
"180",5,29,"C_999",2025-09-01,540988,72895,0
"181",6,0,"C_999",2023-04-01,480143,51959,0
"182",6,1,"C_999",2023-05-01,450412,63063,0
"183",6,2,"C_999",2023-06-01,371019,50663,0
"184",6,3,"C_999",2023-07-01,489646,58269,0
"185",6,4,"C_999",2023-08-01,519487,59245,0
"186",6,5,"C_999",2023-09-01,466421,59914,0
"187",6,6,"C_999",2023-10-01,483830,63005,0
"188",6,7,"C_999",2023-11-01,482894,70436,0
"189",6,8,"C_999",2023-12-01,510313,53134,0
"190",6,9,"C_999",2024-01-01,492014,67938,0
"191",6,10,"C_999",2024-02-01,458675,59249,0
"192",6,11,"C_999",2024-03-01,495571,59325,0
"193",6,12,"C_999",2024-04-01,486904,62503,0
"194",6,13,"C_999",2024-05-01,479861,64534,0
"195",6,14,"C_999",2024-06-01,387921,48118,0
"196",6,15,"C_999",2024-07-01,499237,64492,0
"197",6,16,"C_999",2024-08-01,517980,57579,0
"198",6,17,"C_999",2024-09-01,457757,59827,0
"199",6,18,"C_999",2024-10-01,506528,69918,0
"200",6,19,"C_999",2024-11-01,480099,63711,0
"201",6,20,"C_999",2024-12-01,490120,54900,0
"202",6,21,"C_999",2025-01-01,474283,66924,0
"203",6,22,"C_999",2025-02-01,449011,57074,0
"204",6,23,"C_999",2025-03-01,491696,64579,0
"205",6,24,"C_999",2025-04-01,480242,60706,0
"206",6,25,"C_999",2025-05-01,474795,62731,0
"207",6,26,"C_999",2025-06-01,357493,53082,0
"208",6,27,"C_999",2025-07-01,469357,63487,0
"209",6,28,"C_999",2025-08-01,485943,55395,0
"210",6,29,"C_999",2025-09-01,426101,67653,0
"211",7,0,"C_999",2023-04-01,407246,40950,0
"212",7,1,"C_999",2023-05-01,411961,52942,0
"213",7,2,"C_999",2023-06-01,377795,54354,0
"214",7,3,"C_999",2023-07-01,327625,38561,0
"215",7,4,"C_999",2023-08-01,425737,48093,0
"216",7,5,"C_999",2023-09-01,447386,54327,0
"217",7,6,"C_999",2023-10-01,392398,56522,0
"218",7,7,"C_999",2023-11-01,408746,58068,0
"219",7,8,"C_999",2023-12-01,424549,45583,0
"220",7,9,"C_999",2024-01-01,434333,60355,0
"221",7,10,"C_999",2024-02-01,416347,54680,0
"222",7,11,"C_999",2024-03-01,397522,48439,0
"223",7,12,"C_999",2024-04-01,419877,54448,0
"224",7,13,"C_999",2024-05-01,421544,54180,0
"225",7,14,"C_999",2024-06-01,405944,51838,0
"226",7,15,"C_999",2024-07-01,370120,45721,0
"227",7,16,"C_999",2024-08-01,434561,48481,0
"228",7,17,"C_999",2024-09-01,436638,56484,0
"229",7,18,"C_999",2024-10-01,389348,56947,0
"230",7,19,"C_999",2024-11-01,426502,58264,0
"231",7,20,"C_999",2024-12-01,431962,46728,0
"232",7,21,"C_999",2025-01-01,416743,58154,0
"233",7,22,"C_999",2025-02-01,398364,51861,0
"234",7,23,"C_999",2025-03-01,384855,49661,0
"235",7,24,"C_999",2025-04-01,418461,49389,0
"236",7,25,"C_999",2025-05-01,406300,52210,0
"237",7,26,"C_999",2025-06-01,392533,54687,0
"238",7,27,"C_999",2025-07-01,328065,44950,0
"239",7,28,"C_999",2025-08-01,400216,46279,0
"240",7,29,"C_999",2025-09-01,406302,58055,0
"241",8,0,"C_999",2023-04-01,298511,32520,0
"242",8,1,"C_999",2023-05-01,346878,43497,0
"243",8,2,"C_999",2023-06-01,353669,46597,0
"244",8,3,"C_999",2023-07-01,313041,41763,0
"245",8,4,"C_999",2023-08-01,320154,32539,0
"246",8,5,"C_999",2023-09-01,366722,44748,0
"247",8,6,"C_999",2023-10-01,374081,50857,0
"248",8,7,"C_999",2023-11-01,329379,52384,0
"249",8,8,"C_999",2023-12-01,360246,36782,0
"250",8,9,"C_999",2024-01-01,378230,51440,0
"251",8,10,"C_999",2024-02-01,364939,49431,0
"252",8,11,"C_999",2024-03-01,354845,45932,0
"253",8,12,"C_999",2024-04-01,354058,44441,0
"254",8,13,"C_999",2024-05-01,358972,47597,0
"255",8,14,"C_999",2024-06-01,360989,44704,0
"256",8,15,"C_999",2024-07-01,306687,48232,0
"257",8,16,"C_999",2024-08-01,338146,34205,0
"258",8,17,"C_999",2024-09-01,367531,48780,0
"259",8,18,"C_999",2024-10-01,368217,54989,0
"260",8,19,"C_999",2024-11-01,344891,47449,0
"261",8,20,"C_999",2024-12-01,349485,42505,0
"262",8,21,"C_999",2025-01-01,370124,51987,0
"263",8,22,"C_999",2025-02-01,350462,47880,0
"264",8,23,"C_999",2025-03-01,330680,47482,0
"265",8,24,"C_999",2025-04-01,340475,40143,0
"266",8,25,"C_999",2025-05-01,353594,46744,0
"267",8,26,"C_999",2025-06-01,337525,48508,0
"268",8,27,"C_999",2025-07-01,300863,48817,0
"269",8,28,"C_999",2025-08-01,301002,32381,0
"270",8,29,"C_999",2025-09-01,334156,50293,0
"271",9,0,"C_999",2023-04-01,266147,29568,0
"272",9,1,"C_999",2023-05-01,266050,34039,0
"273",9,2,"C_999",2023-06-01,291379,39284,0
"274",9,3,"C_999",2023-07-01,300025,37282,0
"275",9,4,"C_999",2023-08-01,236653,34475,0
"276",9,5,"C_999",2023-09-01,276894,30375,0
"277",9,6,"C_999",2023-10-01,301763,44305,0
"278",9,7,"C_999",2023-11-01,308380,49802,0
"279",9,8,"C_999",2023-12-01,287645,33727,0
"280",9,9,"C_999",2024-01-01,298348,43463,0
"281",9,10,"C_999",2024-02-01,312703,43102,0
"282",9,11,"C_999",2024-03-01,308101,41032,0
"283",9,12,"C_999",2024-04-01,281274,42147,0
"284",9,13,"C_999",2024-05-01,303547,39768,0
"285",9,14,"C_999",2024-06-01,302350,40576,0
"286",9,15,"C_999",2024-07-01,302862,44538,0
"287",9,16,"C_999",2024-08-01,251728,37597,0
"288",9,17,"C_999",2024-09-01,284060,34709,0
"289",9,18,"C_999",2024-10-01,303484,49376,0
"290",9,19,"C_999",2024-11-01,289880,47331,0
"291",9,20,"C_999",2024-12-01,309695,34796,0
"292",9,21,"C_999",2025-01-01,287876,46984,0
"293",9,22,"C_999",2025-02-01,305357,42294,0
"294",9,23,"C_999",2025-03-01,291211,45334,0
"295",9,24,"C_999",2025-04-01,263837,38796,0
"296",9,25,"C_999",2025-05-01,284414,38643,0
"297",9,26,"C_999",2025-06-01,289727,43093,0
"298",9,27,"C_999",2025-07-01,280150,44089,0
"299",9,28,"C_999",2025-08-01,240397,36395,0
"300",9,29,"C_999",2025-09-01,254022,35881,0
"301",10,0,"C_999",2023-04-01,229783,26742,0
"302",10,1,"C_999",2023-05-01,211828,31982,0
"303",10,2,"C_999",2023-06-01,223159,31082,0
"304",10,3,"C_999",2023-07-01,242778,31825,0
"305",10,4,"C_999",2023-08-01,253299,32506,0
"306",10,5,"C_999",2023-09-01,186886,33284,0
"307",10,6,"C_999",2023-10-01,234079,34175,0
"308",10,7,"C_999",2023-11-01,244125,44483,0
"309",10,8,"C_999",2023-12-01,264037,32980,0
"310",10,9,"C_999",2024-01-01,224084,39882,0
"311",10,10,"C_999",2024-02-01,239870,37857,0
"312",10,11,"C_999",2024-03-01,260446,36906,0
"313",10,12,"C_999",2024-04-01,252431,39065,0
"314",10,13,"C_999",2024-05-01,233015,37929,0
"315",10,14,"C_999",2024-06-01,249802,34397,0
"316",10,15,"C_999",2024-07-01,245642,39496,0
"317",10,16,"C_999",2024-08-01,254368,33875,0
"318",10,17,"C_999",2024-09-01,199802,37571,0
"319",10,18,"C_999",2024-10-01,242095,36474,0
"320",10,19,"C_999",2024-11-01,244319,43743,0
"321",10,20,"C_999",2024-12-01,228959,34984,0
"322",10,21,"C_999",2025-01-01,258262,40299,0
"323",10,22,"C_999",2025-02-01,229890,40393,0
"324",10,23,"C_999",2025-03-01,243924,42000,0
"325",10,24,"C_999",2025-04-01,236249,36664,0
"326",10,25,"C_999",2025-05-01,213478,36188,0
"327",10,26,"C_999",2025-06-01,228425,37406,0
"328",10,27,"C_999",2025-07-01,228148,42000,0
"329",10,28,"C_999",2025-08-01,233658,35556,0
"330",10,29,"C_999",2025-09-01,187059,41897,0
"331",11,0,"C_999",2023-04-01,198793,22402,0
"332",11,1,"C_999",2023-05-01,192210,29779,0
"333",11,2,"C_999",2023-06-01,175543,29283,0
"334",11,3,"C_999",2023-07-01,186642,25970,0
"335",11,4,"C_999",2023-08-01,205444,27909,0
"336",11,5,"C_999",2023-09-01,205670,32480,0
"337",11,6,"C_999",2023-10-01,135354,37434,0
"338",11,7,"C_999",2023-11-01,188236,32092,0
"339",11,8,"C_999",2023-12-01,208573,28744,0
"340",11,9,"C_999",2024-01-01,213419,38846,0
"341",11,10,"C_999",2024-02-01,179724,33518,0
"342",11,11,"C_999",2024-03-01,197350,32142,0
"343",11,12,"C_999",2024-04-01,210817,35715,0
"344",11,13,"C_999",2024-05-01,206970,36754,0
"345",11,14,"C_999",2024-06-01,189171,34112,0
"346",11,15,"C_999",2024-07-01,200523,35359,0
"347",11,16,"C_999",2024-08-01,207065,32352,0
"348",11,17,"C_999",2024-09-01,204316,36441,0
"349",11,18,"C_999",2024-10-01,148924,38063,0
"350",11,19,"C_999",2024-11-01,194072,34088,0
"351",11,20,"C_999",2024-12-01,201351,33775,0
"352",11,21,"C_999",2025-01-01,179012,41558,0
"353",11,22,"C_999",2025-02-01,202328,36801,0
"354",11,23,"C_999",2025-03-01,181990,41212,0
"355",11,24,"C_999",2025-04-01,194255,35034,0
"356",11,25,"C_999",2025-05-01,189413,36474,0
"357",11,26,"C_999",2025-06-01,167252,36465,0
"358",11,27,"C_999",2025-07-01,180869,37455,0
"359",11,28,"C_999",2025-08-01,184739,34163,0
"360",11,29,"C_999",2025-09-01,182765,40609,0
"361",12,0,"C_999",2023-04-01,150960,20461,0
"362",12,1,"C_999",2023-05-01,164041,25429,0
"363",12,2,"C_999",2023-06-01,155624,27964,0
"364",12,3,"C_999",2023-07-01,143890,24721,0
"365",12,4,"C_999",2023-08-01,156812,23448,0
"366",12,5,"C_999",2023-09-01,165493,29516,0
"367",12,6,"C_999",2023-10-01,156324,37070,0
"368",12,7,"C_999",2023-11-01,101688,31441,0
"369",12,8,"C_999",2023-12-01,159128,20920,0
"370",12,9,"C_999",2024-01-01,165298,35367,0
"371",12,10,"C_999",2024-02-01,165825,33602,0
"372",12,11,"C_999",2024-03-01,151738,28577,0
"373",12,12,"C_999",2024-04-01,162358,31974,0
"374",12,13,"C_999",2024-05-01,165781,34913,0
"375",12,14,"C_999",2024-06-01,162567,34449,0
"376",12,15,"C_999",2024-07-01,146445,35344,0
"377",12,16,"C_999",2024-08-01,163863,30419,0
"378",12,17,"C_999",2024-09-01,159195,35328,0
"379",12,18,"C_999",2024-10-01,155850,39584,0
"380",12,19,"C_999",2024-11-01,109719,35421,0
"381",12,20,"C_999",2024-12-01,154464,26217,0
"382",12,21,"C_999",2025-01-01,152982,40572,0
"383",12,22,"C_999",2025-02-01,130504,37917,0
"384",12,23,"C_999",2025-03-01,145771,37325,0
"385",12,24,"C_999",2025-04-01,141783,34944,0
"386",12,25,"C_999",2025-05-01,148149,36530,0
"387",12,26,"C_999",2025-06-01,140407,37745,0
"388",12,27,"C_999",2025-07-01,123118,37529,0
"389",12,28,"C_999",2025-08-01,140220,31704,0
"390",12,29,"C_999",2025-09-01,134313,41799,0
"391",13,0,"C_999",2023-04-01,104656,16329,0
"392",13,1,"C_999",2023-05-01,119223,22841,0
"393",13,2,"C_999",2023-06-01,129353,23655,0
"394",13,3,"C_999",2023-07-01,122165,23546,0
"395",13,4,"C_999",2023-08-01,116225,22060,0
"396",13,5,"C_999",2023-09-01,123129,23783,0
"397",13,6,"C_999",2023-10-01,121997,31987,0
"398",13,7,"C_999",2023-11-01,114445,31493,0
"399",13,8,"C_999",2023-12-01,80577,21377,0
"400",13,9,"C_999",2024-01-01,120536,26943,0
"401",13,10,"C_999",2024-02-01,122681,29341,0
"402",13,11,"C_999",2024-03-01,121471,28782,0
"403",13,12,"C_999",2024-04-01,112594,26638,0
"404",13,13,"C_999",2024-05-01,122383,30480,0
"405",13,14,"C_999",2024-06-01,121212,32303,0
"406",13,15,"C_999",2024-07-01,119454,35367,0
"407",13,16,"C_999",2024-08-01,113062,29022,0
"408",13,17,"C_999",2024-09-01,117250,32250,0
"409",13,18,"C_999",2024-10-01,112224,37046,0
"410",13,19,"C_999",2024-11-01,107957,34522,0
"411",13,20,"C_999",2024-12-01,79438,26145,0
"412",13,21,"C_999",2025-01-01,109691,31637,0
"413",13,22,"C_999",2025-02-01,104553,33586,0
"414",13,23,"C_999",2025-03-01,87884,34404,0
"415",13,24,"C_999",2025-04-01,99159,27847,0
"416",13,25,"C_999",2025-05-01,102092,31868,0
"417",13,26,"C_999",2025-06-01,100158,34107,0
"418",13,27,"C_999",2025-07-01,94053,34993,0
"419",13,28,"C_999",2025-08-01,88615,28135,0
"420",13,29,"C_999",2025-09-01,93100,33769,0
"421",14,0,"C_999",2023-04-01,96725,15118,0
"422",14,1,"C_999",2023-05-01,85622,17513,0
"423",14,2,"C_999",2023-06-01,94615,20648,0
"424",14,3,"C_999",2023-07-01,101511,18827,0
"425",14,4,"C_999",2023-08-01,98711,19457,0
"426",14,5,"C_999",2023-09-01,90113,20933,0
"427",14,6,"C_999",2023-10-01,91476,24433,0
"428",14,7,"C_999",2023-11-01,88781,27193,0
"429",14,8,"C_999",2023-12-01,87726,19501,0
"430",14,9,"C_999",2024-01-01,59453,21339,0
"431",14,10,"C_999",2024-02-01,85878,21951,0
"432",14,11,"C_999",2024-03-01,91049,24276,0
"433",14,12,"C_999",2024-04-01,84041,26279,0
"434",14,13,"C_999",2024-05-01,85401,24848,0
"435",14,14,"C_999",2024-06-01,85912,27120,0
"436",14,15,"C_999",2024-07-01,82271,31568,0
"437",14,16,"C_999",2024-08-01,88354,26818,0
"438",14,17,"C_999",2024-09-01,76340,28879,0
"439",14,18,"C_999",2024-10-01,77530,31815,0
"440",14,19,"C_999",2024-11-01,74137,31154,0
"441",14,20,"C_999",2024-12-01,74673,25207,0
"442",14,21,"C_999",2025-01-01,53292,26311,0
"443",14,22,"C_999",2025-02-01,68920,26195,0
"444",14,23,"C_999",2025-03-01,64968,30025,0
"445",14,24,"C_999",2025-04-01,59239,23463,0
"446",14,25,"C_999",2025-05-01,68008,24558,0
"447",14,26,"C_999",2025-06-01,65309,27602,0
"448",14,27,"C_999",2025-07-01,65420,28164,0
"449",14,28,"C_999",2025-08-01,64550,23802,0
"450",14,29,"C_999",2025-09-01,56305,26270,0
"451",15,0,"C_999",2023-04-01,74937,13096,0
"452",15,1,"C_999",2023-05-01,75559,17403,0
"453",15,2,"C_999",2023-06-01,68710,16070,0
"454",15,3,"C_999",2023-07-01,72970,17022,0
"455",15,4,"C_999",2023-08-01,79420,17063,0
"456",15,5,"C_999",2023-09-01,74317,19023,0
"457",15,6,"C_999",2023-10-01,65170,20843,0
"458",15,7,"C_999",2023-11-01,64479,20705,0
"459",15,8,"C_999",2023-12-01,68467,15695,0
"460",15,9,"C_999",2024-01-01,59724,22633,0
"461",15,10,"C_999",2024-02-01,39340,17884,0
"462",15,11,"C_999",2024-03-01,60731,18118,0
"463",15,12,"C_999",2024-04-01,63660,22839,0
"464",15,13,"C_999",2024-05-01,58034,24942,0
"465",15,14,"C_999",2024-06-01,56610,22508,0
"466",15,15,"C_999",2024-07-01,54244,25864,0
"467",15,16,"C_999",2024-08-01,53881,25545,0
"468",15,17,"C_999",2024-09-01,51576,28025,0
"469",15,18,"C_999",2024-10-01,44151,29823,0
"470",15,19,"C_999",2024-11-01,42668,28981,0
"471",15,20,"C_999",2024-12-01,45715,24284,0
"472",15,21,"C_999",2025-01-01,41696,29389,0
"473",15,22,"C_999",2025-02-01,28115,21845,0
"474",15,23,"C_999",2025-03-01,36533,23654,0
"475",15,24,"C_999",2025-04-01,38648,22468,0
"476",15,25,"C_999",2025-05-01,35965,22540,0
"477",15,26,"C_999",2025-06-01,37434,23798,0
"478",15,27,"C_999",2025-07-01,37348,24553,0
"479",15,28,"C_999",2025-08-01,40179,21810,0
"480",15,29,"C_999",2025-09-01,35601,24827,0
"481",16,0,"C_999",2023-04-01,52969,10566,0
"482",16,1,"C_999",2023-05-01,56606,15796,0
"483",16,2,"C_999",2023-06-01,54776,16425,0
"484",16,3,"C_999",2023-07-01,53454,13950,0
"485",16,4,"C_999",2023-08-01,54961,15434,0
"486",16,5,"C_999",2023-09-01,58060,16507,0
"487",16,6,"C_999",2023-10-01,51709,18220,0
"488",16,7,"C_999",2023-11-01,44464,17150,0
"489",16,8,"C_999",2023-12-01,48463,12602,0
"490",16,9,"C_999",2024-01-01,45700,18923,0
"491",16,10,"C_999",2024-02-01,35650,18548,0
"492",16,11,"C_999",2024-03-01,25036,14431,0
"493",16,12,"C_999",2024-04-01,37562,17138,0
"494",16,13,"C_999",2024-05-01,39830,19685,0
"495",16,14,"C_999",2024-06-01,34331,18724,0
"496",16,15,"C_999",2024-07-01,32583,19140,0
"497",16,16,"C_999",2024-08-01,28926,19112,0
"498",16,17,"C_999",2024-09-01,21422,24147,0
"499",16,18,"C_999",2024-10-01,20385,23698,0
"500",16,19,"C_999",2024-11-01,16690,20121,0
"501",16,20,"C_999",2024-12-01,17972,16521,0
"502",16,21,"C_999",2025-01-01,17490,21581,0
"503",16,22,"C_999",2025-02-01,14507,18554,0
"504",16,23,"C_999",2025-03-01,9666,14329,0
"505",16,24,"C_999",2025-04-01,14239,14313,0
"506",16,25,"C_999",2025-05-01,16114,17460,0
"507",16,26,"C_999",2025-06-01,12564,17285,0
"508",16,27,"C_999",2025-07-01,14145,16922,0
"509",16,28,"C_999",2025-08-01,16288,14587,0
"510",16,29,"C_999",2025-09-01,14838,17903,0
"511",17,0,"C_999",2023-04-01,25904,8269,0
"512",17,1,"C_999",2023-05-01,36426,12648,0
"513",17,2,"C_999",2023-06-01,38247,15813,0
"514",17,3,"C_999",2023-07-01,35628,14236,0
"515",17,4,"C_999",2023-08-01,40721,12428,0
"516",17,5,"C_999",2023-09-01,37735,14872,0
"517",17,6,"C_999",2023-10-01,38557,15774,0
"518",17,7,"C_999",2023-11-01,33772,15163,0
"519",17,8,"C_999",2023-12-01,31931,10284,0
"520",17,9,"C_999",2024-01-01,31851,14710,0
"521",17,10,"C_999",2024-02-01,26082,14707,0
"522",17,11,"C_999",2024-03-01,18726,13725,0
"523",17,12,"C_999",2024-04-01,14981,7505,0
"524",17,13,"C_999",2024-05-01,22186,10976,0
"525",17,14,"C_999",2024-06-01,23092,11652,0
"526",17,15,"C_999",2024-07-01,18711,12834,0
"527",17,16,"C_999",2024-08-01,17114,11227,0
"528",17,17,"C_999",2024-09-01,8029,14001,0
"529",17,18,"C_999",2024-10-01,7463,8141,0
"530",17,19,"C_999",2024-11-01,6430,7457,0
"531",17,20,"C_999",2024-12-01,5314,5148,0
"532",17,21,"C_999",2025-01-01,5461,6868,0
"533",17,22,"C_999",2025-02-01,4849,6082,0
"534",17,23,"C_999",2025-03-01,3001,6173,0
"535",17,24,"C_999",2025-04-01,2787,3478,0
"536",17,25,"C_999",2025-05-01,4591,4717,0
"537",17,26,"C_999",2025-06-01,4162,5526,0
"538",17,27,"C_999",2025-07-01,3957,4656,0
"539",17,28,"C_999",2025-08-01,5002,4366,0
"540",17,29,"C_999",2025-09-01,5058,5722,0
"541",18,0,"C_999",2023-04-01,23780,9795,0
"542",18,1,"C_999",2023-05-01,15792,10316,0
"543",18,2,"C_999",2023-06-01,20750,12293,0
"544",18,3,"C_999",2023-07-01,22860,12386,0
"545",18,4,"C_999",2023-08-01,21871,12345,0
"546",18,5,"C_999",2023-09-01,25469,11875,0
"547",18,6,"C_999",2023-10-01,22949,12723,0
"548",18,7,"C_999",2023-11-01,22278,13461,0
"549",18,8,"C_999",2023-12-01,22294,9416,0
"550",18,9,"C_999",2024-01-01,17321,11337,0
"551",18,10,"C_999",2024-02-01,16327,11208,0
"552",18,11,"C_999",2024-03-01,12729,10962,0
"553",18,12,"C_999",2024-04-01,10473,7383,0
"554",18,13,"C_999",2024-05-01,9263,5994,0
"555",18,14,"C_999",2024-06-01,11998,7385,0
"556",18,15,"C_999",2024-07-01,12053,8965,0
"557",18,16,"C_999",2024-08-01,9563,7845,0
"558",18,17,"C_999",2024-09-01,4956,8116,0
"559",18,18,"C_999",2024-10-01,3607,4145,0
"560",18,19,"C_999",2024-11-01,3291,3260,0
"561",18,20,"C_999",2024-12-01,2969,2581,0
"562",18,21,"C_999",2025-01-01,2340,2698,0
"563",18,22,"C_999",2025-02-01,2156,2335,0
"564",18,23,"C_999",2025-03-01,1584,2281,0
"565",18,24,"C_999",2025-04-01,1446,1416,0
"566",18,25,"C_999",2025-05-01,1530,1225,0
"567",18,26,"C_999",2025-06-01,1924,1811,0
"568",18,27,"C_999",2025-07-01,2265,1731,0
"569",18,28,"C_999",2025-08-01,2054,1642,0
"570",18,29,"C_999",2025-09-01,2257,2162,0
"571",19,0,"C_999",2023-04-01,12793,8312,0
"572",19,1,"C_999",2023-05-01,10534,10625,0
"573",19,2,"C_999",2023-06-01,7168,7536,0
"574",19,3,"C_999",2023-07-01,9402,7998,0
"575",19,4,"C_999",2023-08-01,11953,8817,0
"576",19,5,"C_999",2023-09-01,10795,9756,0
"577",19,6,"C_999",2023-10-01,13167,9274,0
"578",19,7,"C_999",2023-11-01,10502,10855,0
"579",19,8,"C_999",2023-12-01,12910,7397,0
"580",19,9,"C_999",2024-01-01,11194,9684,0
"581",19,10,"C_999",2024-02-01,7390,7874,0
"582",19,11,"C_999",2024-03-01,6186,7651,0
"583",19,12,"C_999",2024-04-01,5877,5736,0
"584",19,13,"C_999",2024-05-01,4366,5527,0
"585",19,14,"C_999",2024-06-01,4104,3461,0
"586",19,15,"C_999",2024-07-01,4962,5398,0
"587",19,16,"C_999",2024-08-01,5315,5173,0
"588",19,17,"C_999",2024-09-01,2463,5244,0
"589",19,18,"C_999",2024-10-01,2185,2516,0
"590",19,19,"C_999",2024-11-01,1485,1974,0
"591",19,20,"C_999",2024-12-01,1592,1310,0
"592",19,21,"C_999",2025-01-01,1395,1620,0
"593",19,22,"C_999",2025-02-01,1077,1166,0
"594",19,23,"C_999",2025-03-01,765,1207,0
"595",19,24,"C_999",2025-04-01,865,753,0
"596",19,25,"C_999",2025-05-01,818,798,0
"597",19,26,"C_999",2025-06-01,782,676,0
"598",19,27,"C_999",2025-07-01,1119,929,0
"599",19,28,"C_999",2025-08-01,1246,958,0
"600",19,29,"C_999",2025-09-01,1022,1153,0
"601",20,0,"C_999",2023-04-01,4630,3312,0
"602",20,1,"C_999",2023-05-01,4808,4671,0
"603",20,2,"C_999",2023-06-01,2996,4865,0
"604",20,3,"C_999",2023-07-01,2411,2389,0
"605",20,4,"C_999",2023-08-01,3722,3103,0
"606",20,5,"C_999",2023-09-01,4452,3865,0
"607",20,6,"C_999",2023-10-01,4393,4137,0
"608",20,7,"C_999",2023-11-01,4917,4410,0
"609",20,8,"C_999",2023-12-01,5006,3054,0
"610",20,9,"C_999",2024-01-01,5511,4731,0
"611",20,10,"C_999",2024-02-01,4019,4305,0
"612",20,11,"C_999",2024-03-01,1616,3616,0
"613",20,12,"C_999",2024-04-01,2188,2261,0
"614",20,13,"C_999",2024-05-01,2046,2479,0
"615",20,14,"C_999",2024-06-01,1208,1987,0
"616",20,15,"C_999",2024-07-01,1225,1538,0
"617",20,16,"C_999",2024-08-01,1641,1811,0
"618",20,17,"C_999",2024-09-01,1277,2199,0
"619",20,18,"C_999",2024-10-01,1021,1409,0
"620",20,19,"C_999",2024-11-01,920,1102,0
"621",20,20,"C_999",2024-12-01,816,702,0
"622",20,21,"C_999",2025-01-01,790,837,0
"623",20,22,"C_999",2025-02-01,702,680,0
"624",20,23,"C_999",2025-03-01,412,598,0
"625",20,24,"C_999",2025-04-01,472,464,0
"626",20,25,"C_999",2025-05-01,548,488,0
"627",20,26,"C_999",2025-06-01,417,471,0
"628",20,27,"C_999",2025-07-01,541,335,0
"629",20,28,"C_999",2025-08-01,636,502,0
"630",20,29,"C_999",2025-09-01,652,599,0
"631",21,0,"C_999",2023-04-01,1631,1258,0
"632",21,1,"C_999",2023-05-01,2260,1699,0
"633",21,2,"C_999",2023-06-01,1762,2260,0
"634",21,3,"C_999",2023-07-01,1494,1313,0
"635",21,4,"C_999",2023-08-01,1507,977,0
"636",21,5,"C_999",2023-09-01,1995,1283,0
"637",21,6,"C_999",2023-10-01,2291,1681,0
"638",21,7,"C_999",2023-11-01,2152,1911,0
"639",21,8,"C_999",2023-12-01,3032,1340,0
"640",21,9,"C_999",2024-01-01,2771,2006,0
"641",21,10,"C_999",2024-02-01,2314,2109,0
"642",21,11,"C_999",2024-03-01,1050,2211,0
"643",21,12,"C_999",2024-04-01,812,972,0
"644",21,13,"C_999",2024-05-01,1022,1119,0
"645",21,14,"C_999",2024-06-01,697,1000,0
"646",21,15,"C_999",2024-07-01,444,734,0
"647",21,16,"C_999",2024-08-01,643,544,0
"648",21,17,"C_999",2024-09-01,574,917,0
"649",21,18,"C_999",2024-10-01,631,807,0
"650",21,19,"C_999",2024-11-01,520,631,0
"651",21,20,"C_999",2024-12-01,546,367,0
"652",21,21,"C_999",2025-01-01,522,516,0
"653",21,22,"C_999",2025-02-01,458,469,0
"654",21,23,"C_999",2025-03-01,326,405,0
"655",21,24,"C_999",2025-04-01,268,308,0
"656",21,25,"C_999",2025-05-01,337,288,0
"657",21,26,"C_999",2025-06-01,361,293,0
"658",21,27,"C_999",2025-07-01,291,292,0
"659",21,28,"C_999",2025-08-01,384,225,0
"660",21,29,"C_999",2025-09-01,448,383,0
"661",22,0,"C_999",2023-04-01,1250,1085,0
"662",22,1,"C_999",2023-05-01,1001,813,0
"663",22,2,"C_999",2023-06-01,963,1056,0
"664",22,3,"C_999",2023-07-01,971,755,0
"665",22,4,"C_999",2023-08-01,793,721,0
"666",22,5,"C_999",2023-09-01,937,568,0
"667",22,6,"C_999",2023-10-01,1156,839,0
"668",22,7,"C_999",2023-11-01,1215,1038,0
"669",22,8,"C_999",2023-12-01,1424,738,0
"670",22,9,"C_999",2024-01-01,1819,1127,0
"671",22,10,"C_999",2024-02-01,1251,1053,0
"672",22,11,"C_999",2024-03-01,693,1277,0
"673",22,12,"C_999",2024-04-01,466,641,0
"674",22,13,"C_999",2024-05-01,411,613,0
"675",22,14,"C_999",2024-06-01,340,512,0
"676",22,15,"C_999",2024-07-01,320,491,0
"677",22,16,"C_999",2024-08-01,213,328,0
"678",22,17,"C_999",2024-09-01,283,342,0
"679",22,18,"C_999",2024-10-01,285,405,0
"680",22,19,"C_999",2024-11-01,303,407,0
"681",22,20,"C_999",2024-12-01,316,268,0
"682",22,21,"C_999",2025-01-01,313,343,0
"683",22,22,"C_999",2025-02-01,311,277,0
"684",22,23,"C_999",2025-03-01,259,269,0
"685",22,24,"C_999",2025-04-01,241,210,0
"686",22,25,"C_999",2025-05-01,208,228,0
"687",22,26,"C_999",2025-06-01,237,206,0
"688",22,27,"C_999",2025-07-01,293,200,0
"689",22,28,"C_999",2025-08-01,200,194,0
"690",22,29,"C_999",2025-09-01,303,205,0
"691",23,0,"C_999",2023-04-01,931,868,0
"692",23,1,"C_999",2023-05-01,574,734,0
"693",23,2,"C_999",2023-06-01,465,591,0
"694",23,3,"C_999",2023-07-01,581,444,0
"695",23,4,"C_999",2023-08-01,637,498,0
"696",23,5,"C_999",2023-09-01,475,399,0
"697",23,6,"C_999",2023-10-01,640,377,0
"698",23,7,"C_999",2023-11-01,632,593,0
"699",23,8,"C_999",2023-12-01,853,463,0
"700",23,9,"C_999",2024-01-01,866,656,0
"701",23,10,"C_999",2024-02-01,739,672,0
"702",23,11,"C_999",2024-03-01,382,705,0
"703",23,12,"C_999",2024-04-01,358,461,0
"704",23,13,"C_999",2024-05-01,235,433,0
"705",23,14,"C_999",2024-06-01,184,263,0
"706",23,15,"C_999",2024-07-01,186,269,0
"707",23,16,"C_999",2024-08-01,200,247,0
"708",23,17,"C_999",2024-09-01,98,203,0
"709",23,18,"C_999",2024-10-01,183,202,0
"710",23,19,"C_999",2024-11-01,157,233,0
"711",23,20,"C_999",2024-12-01,222,205,0
"712",23,21,"C_999",2025-01-01,195,205,0
"713",23,22,"C_999",2025-02-01,197,226,0
"714",23,23,"C_999",2025-03-01,186,198,0
"715",23,24,"C_999",2025-04-01,176,178,0
"716",23,25,"C_999",2025-05-01,178,149,0
"717",23,26,"C_999",2025-06-01,158,139,0
"718",23,27,"C_999",2025-07-01,205,157,0
"719",23,28,"C_999",2025-08-01,214,118,0
"720",23,29,"C_999",2025-09-01,176,147,0
"721",24,0,"C_999",2023-04-01,677,589,0
"722",24,1,"C_999",2023-05-01,459,541,0
"723",24,2,"C_999",2023-06-01,278,401,0
"724",24,3,"C_999",2023-07-01,251,290,0
"725",24,4,"C_999",2023-08-01,354,294,0
"726",24,5,"C_999",2023-09-01,423,335,0
"727",24,6,"C_999",2023-10-01,292,317,0
"728",24,7,"C_999",2023-11-01,406,288,0
"729",24,8,"C_999",2023-12-01,470,321,0
"730",24,9,"C_999",2024-01-01,572,430,0
"731",24,10,"C_999",2024-02-01,346,363,0
"732",24,11,"C_999",2024-03-01,237,412,0
"733",24,12,"C_999",2024-04-01,216,261,0
"734",24,13,"C_999",2024-05-01,172,302,0
"735",24,14,"C_999",2024-06-01,98,244,0
"736",24,15,"C_999",2024-07-01,106,194,0
"737",24,16,"C_999",2024-08-01,110,167,0
"738",24,17,"C_999",2024-09-01,104,186,0
"739",24,18,"C_999",2024-10-01,66,134,0
"740",24,19,"C_999",2024-11-01,106,133,0
"741",24,20,"C_999",2024-12-01,103,131,0
"742",24,21,"C_999",2025-01-01,144,147,0
"743",24,22,"C_999",2025-02-01,108,142,0
"744",24,23,"C_999",2025-03-01,126,169,0
"745",24,24,"C_999",2025-04-01,139,201,0
"746",24,25,"C_999",2025-05-01,133,120,0
"747",24,26,"C_999",2025-06-01,143,100,0
"748",24,27,"C_999",2025-07-01,142,94,0
"749",24,28,"C_999",2025-08-01,158,119,0
"750",24,29,"C_999",2025-09-01,175,123,0
"751",25,0,"C_999",2023-04-01,388,481,0
"752",25,1,"C_999",2023-05-01,301,390,0
"753",25,2,"C_999",2023-06-01,174,341,0
"754",25,3,"C_999",2023-07-01,141,208,0
"755",25,4,"C_999",2023-08-01,132,198,0
"756",25,5,"C_999",2023-09-01,217,187,0
"757",25,6,"C_999",2023-10-01,259,283,0
"758",25,7,"C_999",2023-11-01,194,260,0
"759",25,8,"C_999",2023-12-01,304,178,0
"760",25,9,"C_999",2024-01-01,336,299,0
"761",25,10,"C_999",2024-02-01,205,233,0
"762",25,11,"C_999",2024-03-01,135,253,0
"763",25,12,"C_999",2024-04-01,136,225,0
"764",25,13,"C_999",2024-05-01,95,250,0
"765",25,14,"C_999",2024-06-01,75,133,0
"766",25,15,"C_999",2024-07-01,45,150,0
"767",25,16,"C_999",2024-08-01,73,99,0
"768",25,17,"C_999",2024-09-01,70,109,0
"769",25,18,"C_999",2024-10-01,72,89,0
"770",25,19,"C_999",2024-11-01,39,102,0
"771",25,20,"C_999",2024-12-01,73,65,0
"772",25,21,"C_999",2025-01-01,72,137,0
"773",25,22,"C_999",2025-02-01,91,119,0
"774",25,23,"C_999",2025-03-01,65,120,0
"775",25,24,"C_999",2025-04-01,275,136,0
"776",25,25,"C_999",2025-05-01,119,93,0
"777",25,26,"C_999",2025-06-01,117,98,0
"778",25,27,"C_999",2025-07-01,129,88,0
"779",25,28,"C_999",2025-08-01,105,81,0
"780",25,29,"C_999",2025-09-01,144,81,0
"781",26,0,"C_999",2023-04-01,641,1689,0
"782",26,1,"C_999",2023-05-01,599,1838,0
"783",26,2,"C_999",2023-06-01,398,1687,0
"784",26,3,"C_999",2023-07-01,343,1722,0
"785",26,4,"C_999",2023-08-01,325,1690,0
"786",26,5,"C_999",2023-09-01,315,1356,0
"787",26,6,"C_999",2023-10-01,285,1349,0
"788",26,7,"C_999",2023-11-01,347,1211,0
"789",26,8,"C_999",2023-12-01,405,1129,0
"790",26,9,"C_999",2024-01-01,521,1919,0
"791",26,10,"C_999",2024-02-01,361,1097,0
"792",26,11,"C_999",2024-03-01,340,1173,0
"793",26,12,"C_999",2024-04-01,399,1025,0
"794",26,13,"C_999",2024-05-01,366,1493,0
"795",26,14,"C_999",2024-06-01,224,1064,0
"796",26,15,"C_999",2024-07-01,220,1064,0
"797",26,16,"C_999",2024-08-01,237,918,0
"798",26,17,"C_999",2024-09-01,237,984,0
"799",26,18,"C_999",2024-10-01,276,1078,0
"800",26,19,"C_999",2024-11-01,281,915,0
"801",26,20,"C_999",2024-12-01,280,795,0
"802",26,21,"C_999",2025-01-01,275,966,0
"803",26,22,"C_999",2025-02-01,311,1102,0
"804",26,23,"C_999",2025-03-01,301,1063,0
"805",26,24,"C_999",2025-04-01,333,1180,0
"806",26,25,"C_999",2025-05-01,347,837,0
"807",26,26,"C_999",2025-06-01,397,938,0
"808",26,27,"C_999",2025-07-01,521,1038,0
"809",26,28,"C_999",2025-08-01,488,787,0
"810",26,29,"C_999",2025-09-01,525,944,0
"811",NA,0,"C_999",2023-04-01,0,0,1525317
"812",NA,1,"C_999",2023-05-01,0,0,1749897
"813",NA,2,"C_999",2023-06-01,0,0,1839788
"814",NA,3,"C_999",2023-07-01,0,0,1757842
"815",NA,4,"C_999",2023-08-01,0,0,1735115
"816",NA,5,"C_999",2023-09-01,0,0,1715394
"817",NA,6,"C_999",2023-10-01,0,0,1784595
"818",NA,7,"C_999",2023-11-01,0,0,1798012
"819",NA,8,"C_999",2023-12-01,0,0,1453059
"820",NA,9,"C_999",2024-01-01,0,0,1814019
"821",NA,10,"C_999",2024-02-01,0,0,1751196
"822",NA,11,"C_999",2024-03-01,0,0,1680054
"823",NA,12,"C_999",2024-04-01,0,0,1763358
"824",NA,13,"C_999",2024-05-01,0,0,1790643
"825",NA,14,"C_999",2024-06-01,0,0,1692573
"826",NA,15,"C_999",2024-07-01,0,0,1861645
"827",NA,16,"C_999",2024-08-01,0,0,1651917
"828",NA,17,"C_999",2024-09-01,0,0,1712904
"829",NA,18,"C_999",2024-10-01,0,0,1905187
"830",NA,19,"C_999",2024-11-01,0,0,1749354
"831",NA,20,"C_999",2024-12-01,0,0,1554327
"832",NA,21,"C_999",2025-01-01,0,0,1828801
"833",NA,22,"C_999",2025-02-01,0,0,1693948
"834",NA,23,"C_999",2025-03-01,0,0,1804985
"835",NA,24,"C_999",2025-04-01,0,0,1718729
"836",NA,25,"C_999",2025-05-01,0,0,1758715
"837",NA,26,"C_999",2025-06-01,0,0,1835077
"838",NA,27,"C_999",2025-07-01,0,0,1922022
"839",NA,28,"C_999",2025-08-01,0,0,1608188
"840",NA,29,"C_999",2025-09-01,0,0,1825086
