"","t","i","a","s","open","completed","carried","c_a"
"1",0,0,NA,"C_999",974710,324250,NA,0.249622775143191
"2",1,0,NA,"C_999",1064852,376461,NA,0.261193092687015
"3",2,0,NA,"C_999",1091577,406544,NA,0.271369268570429
"4",3,0,NA,"C_999",1072983,388922,NA,0.266037806834233
"5",4,0,NA,"C_999",968731,380561,NA,0.282044953946218
"6",5,0,NA,"C_999",1026556,365309,NA,0.26246008053942
"7",6,0,NA,"C_999",1060120,382121,NA,0.264949477930526
"8",7,0,NA,"C_999",1072140,395130,NA,0.269296039583717
"9",8,0,NA,"C_999",813975,328842,NA,0.287746857108356
"10",9,0,NA,"C_999",1104645,368312,NA,0.250049390443849
"11",10,0,NA,"C_999",1088400,384867,NA,0.261233707128443
"12",11,0,NA,"C_999",985583,371468,NA,0.273731790478029
"13",12,0,NA,"C_999",1113934,361873,NA,0.245203471727672
"14",13,0,NA,"C_999",1053570,387451,NA,0.268872556333322
"15",14,0,NA,"C_999",1047875,366197,NA,0.25896630440317
"16",15,0,NA,"C_999",1049446,407904,NA,0.279894328747384
"17",16,0,NA,"C_999",925375,358047,NA,0.278978387467256
"18",17,0,NA,"C_999",1058497,368564,NA,0.258267866615372
"19",18,0,NA,"C_999",1076975,422744,NA,0.281882139254087
"20",19,0,NA,"C_999",1049606,388145,NA,0.269966774497114
"21",20,0,NA,"C_999",865661,351360,NA,0.288704960719659
"22",21,0,NA,"C_999",1114229,372851,NA,0.250726927939317
"23",22,0,NA,"C_999",1098866,384831,NA,0.259373039104345
"24",23,0,NA,"C_999",1119784,400606,NA,0.263488973223975
"25",24,0,NA,"C_999",994722,377910,NA,0.275317783644852
"26",25,0,NA,"C_999",1050845,382437,NA,0.266826067724286
"27",26,0,NA,"C_999",1150751,403974,NA,0.259836305455949
"28",27,0,NA,"C_999",1097725,432425,NA,0.282603012776525
"29",28,0,NA,"C_999",952739,357309,NA,0.272744968123305
"30",29,0,NA,"C_999",1103405,392237,NA,0.262253266490243
"31",0,1,NA,"C_999",1148259,225177,NA,0.16395157837715
"32",1,1,1,"C_999",1092569,238586,736124,0.179232320804114
"33",2,1,1,"C_999",1167816,255957,808895,0.179773742022078
"34",3,1,1,"C_999",1197072,249481,842096,0.172465855036075
"35",4,1,1,"C_999",1170678,252470,820513,0.177402490816134
"36",5,1,1,"C_999",1079537,238897,729834,0.181197541932323
"37",6,1,1,"C_999",1157456,253610,772946,0.179729367726244
"38",7,1,1,"C_999",1140465,270251,789869,0.191570096319883
"39",8,1,1,"C_999",1187965,212451,859689,0.151705636039577
"40",9,1,1,"C_999",894311,253723,560252,0.221006520712801
"41",10,1,1,"C_999",1189492,227835,876810,0.160749777574265
"42",11,1,1,"C_999",1190204,248885,839515,0.172946218058786
"43",12,1,1,"C_999",1068580,262927,722656,0.197465728681862
"44",13,1,1,"C_999",1186227,253217,860717,0.175913060876283
"45",14,1,1,"C_999",1168591,251109,802461,0.176874691836303
"46",15,1,1,"C_999",1176839,276334,771541,0.190159051950456
"47",16,1,1,"C_999",1158200,241536,807910,0.172558253842153
"48",17,1,1,"C_999",1069810,245460,679915,0.186623278870498
"49",18,1,1,"C_999",1169625,272317,786180,0.188854336720894
"50",19,1,1,"C_999",1163352,267017,809958,0.186677004325457
"51",20,1,1,"C_999",1203255,234904,814702,0.163336599082577
"52",21,1,1,"C_999",901842,267056,598605,0.228468181141554
"53",22,1,1,"C_999",1205185,229415,884814,0.159915655931967
"54",23,1,1,"C_999",1198752,275021,823845,0.18661014959563
"55",24,1,1,"C_999",1227074,273728,846056,0.182387816647366
"56",25,1,1,"C_999",1066857,268690,726032,0.201183485118831
"57",26,1,1,"C_999",1172323,275116,775729,0.190070876907421
"58",27,1,1,"C_999",1202145,298796,851955,0.199072448550609
"59",28,1,1,"C_999",1189322,263045,834680,0.18111469070834
"60",29,1,1,"C_999",1085731,275345,677394,0.202299504215782
"61",0,2,NA,"C_999",996095,140900,NA,0.123923148298805
"62",1,2,0.930337101631566,"C_999",909772,170364,977895,0.15772458283031
"63",2,2,0.983710199171234,"C_999",919892,157444,935125,0.146141964995136
"64",3,2,0.961555421257463,"C_999",976923,151834,1015982,0.134514337452614
"65",4,2,0.975038127368518,"C_999",1012698,158448,1038624,0.135293123146047
"66",5,2,0.970131177031107,"C_999",980433,160059,1010619,0.14034206289917
"67",6,2,0.97989637283248,"C_999",904559,156420,923117,0.147429873729829
"68",7,2,0.967811678637613,"C_999",958842,166724,990732,0.148124587985067
"69",8,2,0.969205701599914,"C_999",979677,129661,1010804,0.116881419369029
"70",9,2,0.961241504662557,"C_999",973084,175645,1012320,0.152903774519491
"71",10,2,0.971769663477596,"C_999",736099,136828,757483,0.156746211309766
"72",11,2,0.951116255680902,"C_999",1002448,135522,1053970,0.119091012944102
"73",12,2,0.966266216192451,"C_999",988987,166690,1023514,0.144235802910329
"74",13,2,0.975079170508738,"C_999",886150,159782,908798,0.152765189323971
"75",14,2,0.960355915863532,"C_999",993178,152050,1034177,0.132768322115771
"76",15,2,0.966068915612557,"C_999",966579,168063,1000528,0.148119847493747
"77",16,2,0.973543522694344,"C_999",1001198,148433,1028406,0.129113602538554
"78",17,2,0.955924604869286,"C_999",953552,160682,997518,0.144208487624682
"79",18,2,0.983968223953893,"C_999",889831,165481,904329,0.15680765498734
"80",19,2,0.963488286607563,"C_999",975054,157621,1012004,0.139158187476549
"81",20,2,0.962076836264092,"C_999",985463,139044,1024308,0.123648852341515
"82",21,2,0.973181626715516,"C_999",993453,182425,1020830,0.155139393712613
"83",22,2,0.97132800084059,"C_999",739540,140472,761370,0.159625096021418
"84",23,2,0.936071262780086,"C_999",992097,145333,1059852,0.127773137687594
"85",24,2,0.959896895087956,"C_999",995415,161750,1037002,0.139781275790402
"86",25,2,0.959765896880079,"C_999",1012148,172496,1054578,0.145609989161301
"87",26,2,0.951868161047985,"C_999",860327,163027,903830,0.159306554721045
"88",27,2,0.94864406965797,"C_999",950197,170686,1001637,0.152278159272645
"89",28,2,0.95972081319723,"C_999",1008442,151379,1050766,0.130519278405892
"90",29,2,0.95398930223078,"C_999",964176,178644,1010678,0.156318580353862
"91",0,3,NA,"C_999",837208,93971,NA,0.100916150385694
"92",1,3,0.973725593201481,"C_999",848930,124258,871837,0.127681393523143
"93",2,3,0.974828681903449,"C_999",763905,126142,783630,0.141725099910454
"94",3,3,0.967704827965112,"C_999",789082,104476,815416,0.116921341423836
"95",4,3,0.968020985256406,"C_999",840279,108885,868038,0.114716740205065
"96",5,3,0.961397019819108,"C_999",860882,117249,895449,0.119870446801093
"97",6,3,0.961671452919614,"C_999",823787,123813,856620,0.130659560996201
"98",7,3,0.964414632212049,"C_999",753962,122777,781782,0.140038255398699
"99",8,3,0.967703854100785,"C_999",836939,93971,864871,0.100945311576844
"100",9,3,0.964797785377433,"C_999",821808,127884,851793,0.134658394511063
"101",10,3,0.948979567905288,"C_999",809267,120308,852776,0.129422585590189
"102",11,3,0.982459762563934,"C_999",628116,96769,639330,0.133495657931948
"103",12,3,0.941642076496592,"C_999",837988,112526,889922,0.118384368878312
"104",13,3,0.97426969941821,"C_999",842830,123898,865089,0.128162213156131
"105",14,3,0.959367651239114,"C_999",742493,112210,773940,0.13128537047372
"106",15,3,0.963608654569473,"C_999",840313,121130,872048,0.125987708059656
"107",16,3,0.972893128907739,"C_999",834502,108826,857753,0.115363903117473
"108",17,3,0.948509722166995,"C_999",834883,120993,880205,0.126578133565442
"109",18,3,0.956252199342321,"C_999",788057,129442,824110,0.141081352677224
"110",19,3,0.962763729529588,"C_999",747044,113894,775937,0.132290594676969
"111",20,3,0.959372119763102,"C_999",841047,98390,876664,0.104732941112603
"112",21,3,0.968872351130925,"C_999",828008,130853,854610,0.136467120886135
"113",22,3,0.94203325264961,"C_999",825467,117192,876261,0.124320671632054
"114",23,3,0.97124123583765,"C_999",615326,105994,633546,0.14694449065602
"115",24,3,0.937474755089205,"C_999",833221,103304,888793,0.110305651210592
"116",25,3,0.953765493125355,"C_999",833530,121479,873936,0.127201942599494
"117",26,3,0.941056740397126,"C_999",831753,128298,883850,0.133636650552939
"118",27,3,0.963096904336195,"C_999",714250,118709,741618,0.142514817656091
"119",28,3,0.963293336048224,"C_999",813717,105473,844724,0.114745591227059
"120",29,3,0.950325258065398,"C_999",834454,130370,878072,0.135123089807053
"121",0,4,NA,"C_999",515262,62914,NA,0.108814617002435
"122",1,4,0.941832389599183,"C_999",702914,90882,746326,0.114490372841385
"123",2,4,0.954906991489715,"C_999",713856,101364,747566,0.124339442113785
"124",3,4,0.955702023526335,"C_999",643219,90872,673033,0.123788467642295
"125",4,4,0.97281041676998,"C_999",686595,83297,705785,0.108193097213635
"126",5,4,0.943092047711328,"C_999",706143,91526,748753,0.114741829004261
"127",6,4,0.941450126009225,"C_999",715375,101017,759865,0.123735901380709
"128",7,4,0.948459624872204,"C_999",680939,105845,717942,0.134528663521373
"129",8,4,0.962927804220423,"C_999",654269,74504,679458,0.102232107940333
"130",9,4,0.95271366561079,"C_999",701686,100426,736513,0.125201966807628
"131",10,4,0.939059154046825,"C_999",683220,94250,727558,0.121226542503248
"132",11,4,0.94806919287493,"C_999",681858,90060,719207,0.116670423542397
"133",12,4,0.952288611334456,"C_999",523494,78394,549722,0.130246823329257
"134",13,4,0.9330345992801,"C_999",698577,89273,748715,0.113312178714222
"135",14,4,0.949547954142977,"C_999",713139,91800,751030,0.114045909068886
"136",15,4,0.967876661691688,"C_999",627096,94584,647909,0.131060857998005
"137",16,4,0.958509376621451,"C_999",724150,84817,755496,0.104846056761277
"138",17,4,0.936415895416908,"C_999",691663,95874,738628,0.121739042102149
"139",18,4,0.953645094438867,"C_999",694390,106740,728143,0.13323680301574
"140",19,4,0.957200011554682,"C_999",662727,95697,692360,0.126178760165818
"141",20,4,0.953444976503745,"C_999",640736,75022,672022,0.104814755825293
"142",21,4,0.957592585086404,"C_999",708743,100917,740130,0.124641207420399
"143",22,4,0.930831805527263,"C_999",685418,91658,736350,0.117952426789658
"144",23,4,0.933356341295732,"C_999",681520,95285,730182,0.122662701707636
"145",24,4,0.953216515086965,"C_999",514613,75456,539870,0.127876570367194
"146",25,4,0.930835465610605,"C_999",697381,84022,749199,0.107527101892365
"147",26,4,0.923517323567816,"C_999",680394,96788,736742,0.124537109711753
"148",27,4,0.927619386540015,"C_999",677728,101143,730610,0.129858474638291
"149",28,4,0.997989201557859,"C_999",636772,76195,638055,0.106870303955162
"150",29,4,0.934618931623812,"C_999",666845,100223,713494,0.130657255940803
"151",0,5,NA,"C_999",539015,62265,NA,0.103554084619478
"152",1,5,0.950852999027533,"C_999",432176,60748,454514,0.123240093807565
"153",2,5,0.91855961311765,"C_999",578180,73472,629442,0.112747294568267
"154",3,5,0.928318702486051,"C_999",596636,71150,642706,0.10654610908285
"155",4,5,0.953788693063339,"C_999",547510,69182,574037,0.112182418451999
"156",5,5,0.931686370914266,"C_999",576071,68285,618310,0.105974026780227
"157",6,5,0.922884552442508,"C_999",580858,76749,629394,0.116709524077451
"158",7,5,0.928639089119028,"C_999",585272,85128,630247,0.126980906921241
"159",8,5,0.947251798840209,"C_999",586095,62207,618732,0.095953737609941
"160",9,5,0.942890430820215,"C_999",546273,74909,579360,0.120591066708308
"161",10,5,0.922249445582731,"C_999",579299,73549,628137,0.11265868931206
"162",11,5,0.938144329896907,"C_999",574574,70762,612458,0.109651406399147
"163",12,5,0.930968915615881,"C_999",565990,73900,607958,0.115488599603057
"164",13,5,0.972696837383664,"C_999",448885,62009,461485,0.121373513879591
"165",14,5,0.933338625682713,"C_999",587854,68737,629840,0.104687697516414
"166",15,5,0.937283739067847,"C_999",595118,78200,634939,0.116141258662326
"167",16,5,0.962441972466079,"C_999",542568,63355,563741,0.104559490232257
"168",17,5,0.924926201222357,"C_999",600648,74749,649401,0.110674166453212
"169",18,5,0.933821744635348,"C_999",569381,81931,609732,0.125793782396148
"170",19,5,0.923635306838809,"C_999",568891,78464,615926,0.121207065674939
"171",20,5,0.936534014036163,"C_999",562074,62563,600164,0.10015897233113
"172",21,5,0.949018206651835,"C_999",539179,72592,568144,0.118658779183714
"173",22,5,0.91874031473291,"C_999",585165,71822,636921,0.10932027574366
"174",23,5,0.928020312561509,"C_999",565788,75746,609672,0.118070125667541
"175",24,5,0.920508050066049,"C_999",563049,69848,611672,0.110362349639831
"176",25,5,0.945111763774819,"C_999",429920,59725,454888,0.121976125560355
"177",26,5,0.90761909778925,"C_999",568568,70942,626439,0.110931807164861
"178",27,5,0.933407612263982,"C_999",562968,77262,603132,0.120678506161848
"179",28,5,0.882554745241356,"C_999",539977,65894,611834,0.108759125292348
"180",29,5,0.95940781411549,"C_999",540988,72895,563877,0.118744125509258
"181",0,6,NA,"C_999",480143,51959,NA,0.0976485711386163
"182",1,6,0.946339126634619,"C_999",450412,63063,475952,0.122816105944788
"183",2,6,0.972493728916184,"C_999",371019,50663,381513,0.120145038204144
"184",3,6,0.941788113734851,"C_999",489646,58269,519911,0.106346787366654
"185",4,6,0.96668347627705,"C_999",519487,59245,537391,0.102370354499146
"186",5,6,0.956572654410619,"C_999",466421,59914,487596,0.113832445115753
"187",6,6,0.943017077724893,"C_999",483830,63005,513066,0.11521757019942
"188",7,6,0.946068155369479,"C_999",482894,70436,510422,0.127294742739414
"189",8,6,0.958986202827086,"C_999",510313,53134,532138,0.0943016823232709
"190",9,6,0.949546180018797,"C_999",492014,67938,518157,0.121328256707718
"191",10,6,0.941791369624495,"C_999",458675,59249,487024,0.114397093009785
"192",11,6,0.953068807286518,"C_999",495571,59325,519974,0.106911925838355
"193",12,6,0.950852518498411,"C_999",486904,62503,512071,0.113764476972445
"194",13,6,0.956935404103251,"C_999",479861,64534,501456,0.118542602338376
"195",14,6,0.967946462657854,"C_999",387921,48118,400767,0.110352514339314
"196",15,6,0.953903798900188,"C_999",499237,64492,523362,0.114402487720163
"197",16,6,0.963613802905464,"C_999",517980,57579,537539,0.100040134894946
"198",17,6,0.948245539533622,"C_999",457757,59827,482741,0.115588967201459
"199",18,6,0.954398658451567,"C_999",506528,69918,530730,0.121291499984387
"200",19,6,0.949431447386636,"C_999",480099,63711,505670,0.117156727533514
"201",20,6,0.95355755256415,"C_999",490120,54900,513991,0.10073024843125
"202",21,6,0.957857214985358,"C_999",474283,66924,495150,0.123656937179305
"203",22,6,0.931355202704805,"C_999",449011,57074,482105,0.112775521898495
"204",23,6,0.944504846461488,"C_999",491696,64579,520586,0.116091861039953
"205",24,6,0.950819866873102,"C_999",480242,60706,505082,0.112221507427701
"206",25,6,0.948986444621221,"C_999",474795,62731,500318,0.116703192031641
"207",26,6,0.948664943556648,"C_999",357493,53082,376838,0.129286975583024
"208",27,6,0.929270750632077,"C_999",469357,63487,505081,0.11914744277875
"209",28,6,0.957385440123884,"C_999",485943,55395,507573,0.10232978287133
"210",29,6,0.902137092334923,"C_999",426101,67653,472324,0.137017624161019
"211",0,7,NA,"C_999",407246,40950,NA,0.0913662772537015
"212",1,7,0.964325926203356,"C_999",411961,52942,427201,0.113877518536125
"213",2,7,0.953888066899293,"C_999",377795,54354,396058,0.125776063348521
"214",3,7,0.985462825379446,"C_999",327625,38561,332458,0.10530440814231
"215",4,7,0.96418097034784,"C_999",425737,48093,441553,0.101498427706139
"216",5,7,0.961789491787772,"C_999",447386,54327,465160,0.108283022365376
"217",6,7,0.957304116379889,"C_999",392398,56522,409899,0.125906620333244
"218",7,7,0.960034009611003,"C_999",408746,58068,425762,0.124392156190688
"219",8,7,0.970817107276058,"C_999",424549,45583,437311,0.0969578756604528
"220",9,7,0.96527453673454,"C_999",434333,60355,449958,0.122006193802963
"221",10,7,0.952011506080021,"C_999",416347,54680,437334,0.116086763603785
"222",11,7,0.969008083152137,"C_999",397522,48439,410236,0.108617121228089
"223",12,7,0.951836562591386,"C_999",419877,54448,441123,0.114790491751436
"224",13,7,0.974163670145405,"C_999",421544,54180,432724,0.113889566219068
"225",14,7,0.948416323421872,"C_999",405944,51838,428023,0.113237305092817
"226",15,7,1,"C_999",370120,45721,342200,0.109948273498765
"227",16,7,0.964071471039764,"C_999",434561,48481,450756,0.100366013721374
"228",17,7,0.946136044516095,"C_999",436638,56484,461496,0.114543662623043
"229",18,7,0.971402909109054,"C_999",389348,56947,400810,0.127599457757761
"230",19,7,0.95145271536416,"C_999",426502,58264,448264,0.120189947314787
"231",20,7,0.996748744147624,"C_999",431962,46728,433371,0.097616411456266
"232",21,7,0.964758800461147,"C_999",416743,58154,431966,0.122456027306974
"233",22,7,0.943047473853161,"C_999",398364,51861,422422,0.115189072130601
"234",23,7,0.963703518217103,"C_999",384855,49661,399350,0.114290382862771
"235",24,7,0.946087219962605,"C_999",418461,49389,442307,0.105565886502084
"236",25,7,0.949228095095694,"C_999",406300,52210,428032,0.113868836012301
"237",26,7,0.934362116408162,"C_999",392533,54687,420108,0.122282098296141
"238",27,7,1,"C_999",328065,44950,312543,0.120504537351045
"239",28,7,0.94596268300408,"C_999",400216,46279,423078,0.103649536948902
"240",29,7,0.949552219272333,"C_999",406302,58055,427888,0.125022342723379
"241",0,8,NA,"C_999",298511,32520,NA,0.0982385335512384
"242",1,8,0.953619116478671,"C_999",346878,43497,363749,0.111423631123919
"243",2,8,0.967990825587633,"C_999",353669,46597,365364,0.11641508396916
"244",3,8,0.93158092086468,"C_999",313041,41763,336032,0.117707241181046
"245",4,8,1,"C_999",320154,32539,295086,0.0922587065805105
"246",5,8,0.962552724619346,"C_999",366722,44748,380989,0.108751549323158
"247",6,8,0.943388755929579,"C_999",374081,50857,396529,0.119680988756007
"248",7,8,0.96872187615804,"C_999",329379,52384,340014,0.137216021458339
"249",8,8,0.96849695131787,"C_999",360246,36782,371964,0.0926433400163213
"250",9,8,1,"C_999",378230,51440,373109,0.119719784951242
"251",10,8,0.948134849909847,"C_999",364939,49431,384902,0.119291937157613
"252",11,8,0.957966065089157,"C_999",354845,45932,370415,0.114607375173725
"253",12,8,1,"C_999",354058,44441,353081,0.111520982486782
"254",13,8,0.964252713011712,"C_999",358972,47597,372280,0.117069919251099
"255",14,8,0.957937055514277,"C_999",360989,44704,376840,0.110191696677044
"256",15,8,0.857357315382207,"C_999",306687,48232,357712,0.135895795942173
"257",16,8,1,"C_999",338146,34205,335915,0.0918622482550067
"258",17,8,0.952693367480514,"C_999",367531,48780,385781,0.117172018034594
"259",18,8,0.964805357802588,"C_999",368217,54989,381649,0.129934358208532
"260",19,8,1,"C_999",344891,47449,341899,0.1209384717337
"261",20,8,0.910124297846077,"C_999",349485,42505,383997,0.108433888619608
"262",21,8,0.974074610171722,"C_999",370124,51987,379975,0.123159548080955
"263",22,8,0.950114270067749,"C_999",350462,47880,368863,0.120198221628651
"264",23,8,0.942425088776284,"C_999",330680,47482,350882,0.125559945208667
"265",24,8,0.987708579915988,"C_999",340475,40143,344712,0.105467949492667
"266",25,8,0.951245167694779,"C_999",353594,46744,371717,0.116761336670513
"267",26,8,0.943355357302567,"C_999",337525,48508,357792,0.125657651029834
"268",27,8,0.87532439572205,"C_999",300863,48817,343716,0.139604781514528
"269",28,8,1,"C_999",301002,32381,295684,0.0971285278493504
"270",29,8,0.954941515704884,"C_999",334156,50293,349923,0.130818392036395
"271",0,9,NA,"C_999",266147,29568,NA,0.0999881642797964
"272",1,9,1,"C_999",266050,34039,264472,0.113429682527517
"273",2,9,0.947284407368154,"C_999",291379,39284,307594,0.118803736734984
"274",3,9,0.948284853676036,"C_999",300025,37282,316387,0.11052839105029
"275",4,9,0.849540144884875,"C_999",236653,34475,278566,0.127153964179281
"276",5,9,0.955535080181794,"C_999",276894,30375,289779,0.0988547494215166
"277",6,9,0.935940102413955,"C_999",301763,44305,322417,0.12802397216732
"278",7,9,0.950971231562944,"C_999",308380,49802,324279,0.139041046172058
"279",8,9,0.972917484069108,"C_999",287645,33727,295652,0.104946915101502
"280",9,9,0.941805589315083,"C_999",298348,43463,316783,0.127155065226104
"281",10,9,0.933085268912177,"C_999",312703,43102,335128,0.121139388148002
"282",11,9,0.9512020425616,"C_999",308101,41032,323907,0.117525412951511
"283",12,9,0.899506872445618,"C_999",281274,42147,312698,0.130316213232907
"284",13,9,0.965818193388272,"C_999",303547,39768,314290,0.115835311594308
"285",14,9,0.949603638236661,"C_999",302350,40576,318396,0.11832290348355
"286",15,9,0.957058122742542,"C_999",302862,44538,316451,0.128203799654577
"287",16,9,0.935478836077149,"C_999",251728,37597,269090,0.129947291108615
"288",17,9,0.936141604352798,"C_999",284060,34709,303437,0.108884490022556
"289",18,9,0.953887256211595,"C_999",303484,49376,318155,0.139930850762342
"290",19,9,0.903373783836004,"C_999",289880,47331,320886,0.140360189910768
"291",20,9,0.99871007271965,"C_999",309695,34796,310095,0.101006992925795
"292",21,9,0.951653052386604,"C_999",287876,46984,302501,0.140309383025742
"293",22,9,0.931449226733368,"C_999",305357,42294,327830,0.121656488835067
"294",23,9,0.954389633203115,"C_999",291211,45334,305128,0.134704125748414
"295",24,9,0.903910457579038,"C_999",263837,38796,291884,0.12819487630232
"296",25,9,0.942292401070794,"C_999",284414,38643,301832,0.119616662075114
"297",26,9,0.93309522352585,"C_999",289727,43093,310501,0.129478396730966
"298",27,9,0.954722665248981,"C_999",280150,44089,293436,0.135976856578018
"299",28,9,0.908983317452395,"C_999",240397,36395,264468,0.131488626838926
"300",29,9,0.95813609634846,"C_999",254022,35881,265121,0.123768984798364
"301",0,10,NA,"C_999",229783,26742,NA,0.104247149400643
"302",1,10,0.90460999722418,"C_999",211828,31982,234165,0.13117591567204
"303",2,10,0.949742092540261,"C_999",223159,31082,234968,0.122254081757073
"304",3,10,0.935366050995169,"C_999",242778,31825,259554,0.115894582360717
"305",4,10,0.94684489699797,"C_999",253299,32506,267519,0.113734889172688
"306",5,10,0.918950282491432,"C_999",186886,33284,203369,0.151174092746514
"307",6,10,0.964403281160519,"C_999",234079,34175,242719,0.127397913917407
"308",7,10,0.948868936567164,"C_999",244125,44483,257280,0.154129476660384
"309",8,10,0.958740014524328,"C_999",264037,32980,275400,0.111037415366797
"310",9,10,0.904428829163354,"C_999",224084,39882,247763,0.151087640074858
"311",10,10,0.920837956013835,"C_999",239870,37857,260491,0.136310117489477
"312",11,10,0.944339496078638,"C_999",260446,36906,275797,0.12411552637951
"313",12,10,0.938279635439123,"C_999",252431,39065,269036,0.13401556110547
"314",13,10,0.957549980480388,"C_999",233015,37929,243345,0.139988337073344
"315",14,10,0.928114434330299,"C_999",249802,34397,269150,0.121031389976742
"316",15,10,0.934518782289788,"C_999",245642,39496,262854,0.138515385532619
"317",16,10,0.945651648592683,"C_999",254368,33875,268987,0.117522368279542
"318",17,10,0.932969737155451,"C_999",199802,37571,214157,0.158278321460318
"319",18,10,0.97782184776199,"C_999",242095,36474,247586,0.130933449163403
"320",19,10,0.940625469217413,"C_999",244319,43743,259741,0.151852726149232
"321",20,10,0.898244774339338,"C_999",228959,34984,254896,0.132543768919805
"322",21,10,0.958670507357199,"C_999",258262,40299,269396,0.134977441795814
"323",22,10,0.928912288924896,"C_999",229890,40393,247483,0.149447061043425
"324",23,10,0.926210429189275,"C_999",243924,42000,263357,0.146892181139044
"325",24,10,0.928115436441993,"C_999",236249,36664,254547,0.134343178961794
"326",25,10,0.937750660007292,"C_999",213478,36188,227649,0.144945647384906
"327",26,10,0.924767618862547,"C_999",228425,37406,247008,0.140713460807806
"328",27,10,0.920965417576607,"C_999",228148,42000,247727,0.155470334779454
"329",28,10,0.955289173078653,"C_999",233658,35556,244594,0.132073369141278
"330",29,10,0.942362720403023,"C_999",187059,41897,198500,0.182991491815021
"331",0,11,NA,"C_999",198793,22402,NA,0.101277153642713
"332",1,11,0.961030779384412,"C_999",192210,29779,200004,0.134146286527711
"333",2,11,0.96164233476677,"C_999",175543,29283,182545,0.14296524855243
"334",3,11,0.946513243639351,"C_999",186642,25970,197189,0.1221473858484
"335",4,11,0.956136064299643,"C_999",205444,27909,214869,0.119599919435362
"336",5,11,0.931396301948655,"C_999",205670,32480,220819,0.136384631534747
"337",6,11,0.905668709686053,"C_999",135354,37434,149452,0.216646989374262
"338",7,11,0.931921361275726,"C_999",188236,32092,201987,0.145655568062162
"339",8,11,0.968390897990073,"C_999",208573,28744,215381,0.121120695104017
"340",9,11,0.947724376196207,"C_999",213419,38846,225191,0.153988860920064
"341",10,11,0.943106325367589,"C_999",179724,33518,190566,0.15718291893717
"342",11,11,0.950040437495186,"C_999",197350,32142,207728,0.140057169748837
"343",12,11,0.938085978347446,"C_999",210817,35715,224731,0.144869631528564
"344",13,11,0.959629445884355,"C_999",206970,36754,215677,0.150801726543139
"345",14,11,0.951071627878916,"C_999",189171,34112,198903,0.15277472982717
"346",15,11,0.93508764566808,"C_999",200523,35359,214443,0.149901221797339
"347",16,11,0.970814384171785,"C_999",207065,32352,213290,0.135128249038289
"348",17,11,0.937543305785882,"C_999",204316,36441,217927,0.151360085065024
"349",18,11,0.920767409221029,"C_999",148924,38063,161739,0.203559605747993
"350",19,11,0.933007062262328,"C_999",194072,34088,208007,0.149403927068724
"351",20,11,0.956336917698913,"C_999",201351,33775,210544,0.143646385342327
"352",21,11,0.95523503076291,"C_999",179012,41558,187401,0.188411842045609
"353",22,11,0.913605555831501,"C_999",202328,36801,221461,0.153896014285177
"354",23,11,0.964553366052216,"C_999",181990,41212,188678,0.184639922581339
"355",24,11,0.929939202451051,"C_999",194255,35034,208890,0.15279407210987
"356",25,11,0.948131648104117,"C_999",189413,36474,199775,0.161470115588768
"357",26,11,0.944857157383921,"C_999",167252,36465,177013,0.178998316291718
"358",27,11,0.94710687542546,"C_999",180869,37455,190970,0.171556952052912
"359",28,11,0.952336520865015,"C_999",184739,34163,193985,0.156065271217257
"360",29,11,0.946728550782444,"C_999",182765,40609,193049,0.181798239723513
"361",0,12,NA,"C_999",150960,20461,NA,0.119361105115476
"362",1,12,0.946222975935027,"C_999",164041,25429,173364,0.134211220773737
"363",2,12,0.947505570911925,"C_999",155624,27964,164246,0.152319323703074
"364",3,12,0.95403853549217,"C_999",143890,24721,150822,0.146615582613234
"365",4,12,0.960893170092038,"C_999",156812,23448,163194,0.13007877510263
"366",5,12,0.94068596243918,"C_999",165493,29516,175928,0.151357116851017
"367",6,12,0.927188612099644,"C_999",156324,37070,168600,0.191681231061977
"368",7,12,0.978587857149731,"C_999",101688,31441,103913,0.23616942965094
"369",8,12,0.951062659877119,"C_999",159128,20920,167316,0.116191237892118
"370",9,12,0.954343383023683,"C_999",165298,35367,173206,0.176248972167543
"371",10,12,0.922187557349972,"C_999",165825,33602,179817,0.168492731676252
"372",11,12,1,"C_999",151738,28577,151147,0.158483764523196
"373",12,12,0.981750677244582,"C_999",162358,31974,165376,0.164532861288928
"374",13,12,0.942451564489722,"C_999",165781,34913,175904,0.173961354101269
"375",14,12,0.942302676195941,"C_999",162567,34449,172521,0.174853818979169
"376",15,12,0.952011025372659,"C_999",146445,35344,153827,0.19442320492439
"377",16,12,0.963310680524855,"C_999",163863,30419,170104,0.15657137562924
"378",17,12,0.926969726966233,"C_999",159195,35328,171737,0.181613485294798
"379",18,12,0.946082121263628,"C_999",155850,39584,164732,0.202544081377856
"380",19,12,0.966661674140772,"C_999",109719,35421,113503,0.244047126911947
"381",20,12,0.920222811355039,"C_999",154464,26217,167855,0.145101034419779
"382",21,12,0.951504860709421,"C_999",152982,40572,160779,0.209615921138287
"383",22,12,0.924937099117616,"C_999",130504,37917,141095,0.225132257853831
"384",23,12,0.883444543432544,"C_999",145771,37325,165003,0.203854808406519
"385",24,12,0.964208478979367,"C_999",141783,34944,147046,0.197728700198611
"386",25,12,0.939286733238231,"C_999",148149,36530,157725,0.197802673828643
"387",26,12,0.925752301078672,"C_999",140407,37745,151668,0.211869639409044
"388",27,12,0.949083817056343,"C_999",123118,37529,129723,0.233611583160594
"389",28,12,0.940032849529045,"C_999",140220,31704,149165,0.184407063586236
"390",29,12,0.939646005316916,"C_999",134313,41799,142940,0.237343281548106
"391",0,13,NA,"C_999",104656,16329,NA,0.134967144687358
"392",1,13,0.930564553266885,"C_999",119223,22841,128119,0.160779648609078
"393",2,13,0.921409542262049,"C_999",129353,23655,140386,0.1545997594897
"394",3,13,0.924945865322007,"C_999",122165,23546,132078,0.161593839861095
"395",4,13,0.953993269309694,"C_999",116225,22060,121830,0.159525617384387
"396",5,13,0.925580136661931,"C_999",123129,23783,133029,0.161886027009366
"397",6,13,0.913794136593112,"C_999",121997,31987,133506,0.207729374480465
"398",7,13,0.916799512941497,"C_999",114445,31493,124831,0.215797119324645
"399",8,13,1,"C_999",80577,21377,80311,0.209672989779705
"400",9,13,0.91187351061013,"C_999",120536,26943,132185,0.182690416940717
"401",10,13,0.902351478776378,"C_999",122681,29341,135957,0.193004959808449
"402",11,13,0.886371430864765,"C_999",121471,28782,137043,0.191556907349604
"403",12,13,0.900031974420464,"C_999",112594,26638,125100,0.19132096069869
"404",13,13,0.928001637877432,"C_999",122383,30480,131878,0.19939422881927
"405",14,13,0.908104706393563,"C_999",121212,32303,133478,0.210422434289809
"406",15,13,0.939103773584906,"C_999",119454,35367,127200,0.228438002596547
"407",16,13,0.962860768333291,"C_999",113062,29022,117423,0.204259452155063
"408",17,13,0.890869442988155,"C_999",117250,32250,131613,0.21571906354515
"409",18,13,0.918746776477908,"C_999",112224,37046,122149,0.24818114825484
"410",19,13,0.889794606356323,"C_999",107957,34522,121328,0.242295355806821
"411",20,13,0.950510924450188,"C_999",79438,26145,83574,0.247625091160509
"412",21,13,0.893052830403739,"C_999",109691,31637,122827,0.223855145477188
"413",22,13,0.875682602432242,"C_999",104553,33586,119396,0.24313191785086
"414",23,13,0.914505723204995,"C_999",87884,34404,96100,0.281335862881068
"415",24,13,0.84087208710695,"C_999",99159,27847,117924,0.219257357920098
"416",25,13,0.928826820725106,"C_999",102092,31868,109915,0.237891908032248
"417",26,13,0.878255379596991,"C_999",100158,34107,114042,0.254027482962797
"418",27,13,0.892224941658603,"C_999",94053,34993,105414,0.271166870728267
"419",28,13,0.932956423781098,"C_999",88615,28135,94983,0.240985010706638
"420",29,13,0.87458079304093,"C_999",93100,33769,106451,0.266172193364809
"421",0,14,NA,"C_999",96725,15118,NA,0.135171624509357
"422",1,14,0.982545930252573,"C_999",85622,17513,87143,0.169806564211955
"423",2,14,0.959827542480345,"C_999",94615,20648,98575,0.179138144938098
"424",3,14,0.918435481244232,"C_999",101511,18827,110526,0.156450996360252
"425",4,14,0.961083849359349,"C_999",98711,19457,102708,0.164655405862839
"426",5,14,0.945651261386055,"C_999",90113,20933,95292,0.18850746537471
"427",6,14,0.926846072789171,"C_999",91476,24433,98696,0.210794675133079
"428",7,14,0.936468925361799,"C_999",88781,27193,94804,0.234474968527429
"429",8,14,0.923976238624874,"C_999",87726,19501,94944,0.181866507502774
"430",9,14,1,"C_999",59453,21339,59238,0.264122685414397
"431",10,14,0.871106152051529,"C_999",85878,21951,98585,0.203572322844504
"432",11,14,0.92524770082821,"C_999",91049,24276,98405,0.210500758725341
"433",12,14,0.882857803176738,"C_999",84041,26279,95192,0.238207034082669
"434",13,14,0.973275135048891,"C_999",85401,24848,87746,0.225380729076908
"435",14,14,0.90184016879586,"C_999",85912,27120,95263,0.239932054639394
"436",15,14,0.917752442996743,"C_999",82271,31568,89644,0.277303911664719
"437",16,14,0.953776069778488,"C_999",88354,26818,92636,0.232851734796652
"438",17,14,0.906833921338037,"C_999",76340,28879,84183,0.274465638335282
"439",18,14,0.907473517879089,"C_999",77530,31815,85435,0.29095980611825
"440",19,14,0.914481312446034,"C_999",74137,31154,81070,0.29588473848667
"441",20,14,0.902392749244713,"C_999",74673,25207,82750,0.2523728474169
"442",21,14,1,"C_999",53292,26311,53127,0.330527743929249
"443",22,14,0.825428763054518,"C_999",68920,26195,83496,0.27540345897072
"444",23,14,0.871726062687849,"C_999",64968,30025,74528,0.316075921383681
"445",24,14,0.919560391797706,"C_999",59239,23463,64421,0.283705351744819
"446",25,14,0.911623168590233,"C_999",68008,24558,74601,0.265302594905257
"447",26,14,0.876748556853269,"C_999",65309,27602,74490,0.297080001291559
"448",27,14,0.908686835014029,"C_999",65420,28164,71994,0.300948880150453
"449",28,14,0.918848130275726,"C_999",64550,23802,70251,0.269399674031148
"450",29,14,0.90311973694763,"C_999",56305,26270,62345,0.318135028761732
"451",0,15,NA,"C_999",74937,13096,NA,0.148762395919712
"452",1,15,0.952560449812158,"C_999",75559,17403,79322,0.187205524838106
"453",2,15,0.987893949850472,"C_999",68710,16070,69552,0.189549422033498
"454",3,15,0.94041988323689,"C_999",72970,17022,77593,0.189150146679705
"455",4,15,0.940460401667298,"C_999",79420,17063,84448,0.176849807738151
"456",5,15,0.932599638590503,"C_999",74317,19023,79688,0.203803299764303
"457",6,15,0.940811318030894,"C_999",65170,20843,69270,0.242323834769163
"458",7,15,0.911093527009651,"C_999",64479,20705,70771,0.243062077385424
"459",8,15,0.936800481624388,"C_999",68467,15695,73086,0.186485587319693
"460",9,15,0.917518012689536,"C_999",59724,22633,65093,0.274815741224183
"461",10,15,0.946378310760422,"C_999",39340,17884,41569,0.312526212777855
"462",11,15,0.896266233766234,"C_999",60731,18118,67760,0.229780973759972
"463",12,15,0.933294238381469,"C_999",63660,22839,68210,0.264037734540284
"464",13,15,0.981979390514222,"C_999",58034,24942,59099,0.300592942537601
"465",14,15,0.900100170130221,"C_999",56610,22508,62893,0.284486463257413
"466",15,15,0.903343991473488,"C_999",54244,25864,60048,0.322864133419883
"467",16,15,0.949846631174417,"C_999",53881,25545,56726,0.321620124392516
"468",17,15,0.854912231265229,"C_999",51576,28025,60329,0.352068441351239
"469",18,15,0.949136874690973,"C_999",44151,29823,46517,0.403155162624706
"470",19,15,0.878864652207049,"C_999",42668,28981,48549,0.40448575695404
"471",20,15,0.91699596814635,"C_999",45715,24284,49853,0.346919241703453
"472",21,15,0.920766716721138,"C_999",41696,29389,45284,0.413434620524724
"473",22,15,0.894043946958374,"C_999",28115,21845,31447,0.437249799839872
"474",23,15,0.807073741881324,"C_999",36533,23654,45266,0.393008456975759
"475",24,15,0.909364705882353,"C_999",38648,22468,42500,0.36762877151646
"476",25,15,0.979999455026022,"C_999",35965,22540,36699,0.385266216562687
"477",26,15,0.846731508708437,"C_999",37434,23798,44210,0.38865299189966
"478",27,15,0.916380410246344,"C_999",37348,24553,40756,0.396649488699698
"479",28,15,0.921325384086219,"C_999",40179,21810,43610,0.351836616173837
"480",29,15,0.89623140246205,"C_999",35601,24827,39723,0.41085258489442
"481",0,16,NA,"C_999",52969,10566,NA,0.166302038246636
"482",1,16,0.957136335198931,"C_999",56606,15796,59141,0.218170768763294
"483",2,16,0.926302972908986,"C_999",54776,16425,59134,0.230684962289855
"484",3,16,0.976150474799123,"C_999",53454,13950,54760,0.206961011215952
"485",4,16,0.955245411568409,"C_999",54961,15434,57536,0.219248526173734
"486",5,16,0.922861729690207,"C_999",58060,16507,62913,0.221371384124345
"487",6,16,0.921778348218265,"C_999",51709,18220,56097,0.260549986414792
"488",7,16,0.925947521865889,"C_999",44464,17150,48020,0.27834583049307
"489",8,16,0.934190489041386,"C_999",48463,12602,51877,0.206370261197085
"490",9,16,0.922412401098014,"C_999",45700,18923,49544,0.292821441282516
"491",10,16,0.865795609092675,"C_999",35650,18548,41176,0.342226650429905
"492",11,16,1,"C_999",25036,14431,24909,0.365647249600932
"493",12,16,0.861652100107815,"C_999",37562,17138,43593,0.313308957952468
"494",13,16,0.90574189880614,"C_999",39830,19685,43975,0.3307569520289
"495",14,16,0.87334011701857,"C_999",34331,18724,39310,0.352916784468947
"496",15,16,0.869575660528423,"C_999",32583,19140,37470,0.370048141059103
"497",16,16,0.823351929864511,"C_999",28926,19112,35132,0.397851700736917
"498",17,16,0.72045469832515,"C_999",21422,24147,29734,0.529899712523865
"499",18,16,0.731221751919076,"C_999",20385,23698,27878,0.537576843681238
"500",19,16,0.694548481065335,"C_999",16690,20121,24030,0.54660291760615
"501",20,16,0.687344628446858,"C_999",17972,16521,26147,0.478966746876178
"502",21,16,0.724703737465816,"C_999",17490,21581,24134,0.552353407898441
"503",22,16,0.626868896378878,"C_999",14507,18554,23142,0.561205045219443
"504",23,16,0.701146090236472,"C_999",9666,14329,13786,0.597166076265889
"505",24,16,0.640819081908191,"C_999",14239,14313,22220,0.501295881199215
"506",25,16,0.760524825372853,"C_999",16114,17460,21188,0.520045273128016
"507",26,16,0.672591006423983,"C_999",12564,17285,18680,0.579081376260511
"508",27,16,0.689596333853354,"C_999",14145,16922,20512,0.544693726462162
"509",28,16,0.715610034708493,"C_999",16288,14587,22761,0.472453441295547
"510",29,16,0.666098042736577,"C_999",14838,17903,22276,0.546806756055099
"511",0,17,NA,"C_999",25904,8269,NA,0.241974658356012
"512",1,17,0.903400213288361,"C_999",36426,12648,40321,0.257733219219954
"513",2,17,0.937587331159758,"C_999",38247,15813,40793,0.292508324084351
"514",3,17,0.878835717809571,"C_999",35628,14236,40540,0.28549655061768
"515",4,17,0.992565690050212,"C_999",40721,12428,41026,0.233833185948936
"516",5,17,0.941280650552521,"C_999",37735,14872,40089,0.282700020909765
"517",6,17,0.911814785035236,"C_999",38557,15774,42286,0.29033148662826
"518",7,17,0.924095660263777,"C_999",33772,15163,36546,0.309860018391744
"519",8,17,0.934201287302516,"C_999",31931,10284,34180,0.24361009119981
"520",9,17,0.943649453381922,"C_999",31851,14710,33753,0.315929640686411
"521",10,17,0.841544864969509,"C_999",26082,14707,30993,0.360562896859447
"522",11,17,0.854093500570125,"C_999",18726,13725,21925,0.422945363779236
"523",12,17,0.854543380297758,"C_999",14981,7505,17531,0.333763230454505
"524",13,17,0.834499360565711,"C_999",22186,10976,26586,0.330981243592063
"525",14,17,0.819504578039605,"C_999",23092,11652,28178,0.335367257655998
"526",15,17,0.870400521002931,"C_999",18711,12834,21497,0.406847360912981
"527",16,17,0.801367297246675,"C_999",17114,11227,21356,0.396139868035708
"528",17,17,0.537956448911223,"C_999",8029,14001,14925,0.635542442124376
"529",18,17,0.561930577516753,"C_999",7463,8141,13281,0.521725198667009
"530",19,17,0.49737004950495,"C_999",6430,7457,12928,0.536977028875927
"531",20,17,0.460405475654133,"C_999",5314,5148,11542,0.492066526476773
"532",21,17,0.491804755043228,"C_999",5461,6868,11104,0.557060588855544
"533",22,17,0.425052594670407,"C_999",4849,6082,11408,0.556399231543317
"534",23,17,0.360091192704584,"C_999",3001,6173,8334,0.672879877915849
"535",24,17,0.450387847446671,"C_999",2787,3478,6188,0.555147645650439
"536",25,17,0.482146607855493,"C_999",4591,4717,9522,0.506768371293511
"537",26,17,0.393086513033623,"C_999",4162,5526,10588,0.570396366639141
"538",27,17,0.500379362670713,"C_999",3957,4656,7908,0.54057819575061
"539",28,17,0.511504243787708,"C_999",5002,4366,9779,0.466054654141759
"540",29,17,0.47870528109029,"C_999",5058,5722,10566,0.530797773654917
"541",0,18,NA,"C_999",23780,9795,NA,0.291734921816828
"542",1,18,1,"C_999",15792,10316,15588,0.395127930136357
"543",2,18,0.859818505780467,"C_999",20750,12293,24133,0.372030384650304
"544",3,18,0.883956536870191,"C_999",22860,12386,25861,0.351415763490893
"545",4,18,0.939354894128763,"C_999",21871,12345,23283,0.360796118774842
"546",5,18,0.882930042293559,"C_999",25469,11875,28846,0.317989502999143
"547",6,18,0.917519590596514,"C_999",22949,12723,25012,0.356666292890783
"548",7,18,0.887711189034109,"C_999",22278,13461,25096,0.376647360026861
"549",8,18,0.915339136147151,"C_999",22294,9416,24356,0.296941028066856
"550",9,18,0.841070214625619,"C_999",17321,11337,20594,0.395596343080466
"551",10,18,0.790921862132442,"C_999",16327,11208,20643,0.407045578354821
"552",11,18,0.841865079365079,"C_999",12729,10962,15120,0.462707357224262
"553",12,18,0.9233007140968,"C_999",10473,7383,11343,0.413474462365591
"554",13,18,1,"C_999",9263,5994,8987,0.392868847086583
"555",14,18,0.810620903992973,"C_999",11998,7385,14801,0.381003972553268
"556",15,18,0.853188929001203,"C_999",12053,8965,14127,0.426539156913122
"557",16,18,0.880084667771029,"C_999",9563,7845,10866,0.450654871323529
"558",17,18,0.550789064236497,"C_999",4956,8116,8998,0.620869033047736
"559",18,18,0.928681771369722,"C_999",3607,4145,3884,0.534700722394221
"560",19,18,0.783012134189864,"C_999",3291,3260,4203,0.497633949015418
"561",20,18,0.771369186801767,"C_999",2969,2581,3849,0.465045045045045
"562",21,18,0.894495412844037,"C_999",2340,2698,2616,0.535529972211195
"563",22,18,0.689699296225208,"C_999",2156,2335,3126,0.519928746381652
"564",23,18,0.616822429906542,"C_999",1584,2281,2568,0.590168175937904
"565",24,18,0.912302839116719,"C_999",1446,1416,1585,0.49475890985325
"566",25,18,0.979513444302177,"C_999",1530,1225,1562,0.44464609800363
"567",26,18,0.692086330935252,"C_999",1924,1811,2780,0.484872824631861
"568",27,18,0.931715343480049,"C_999",2265,1731,2431,0.433183183183183
"569",28,18,0.887257019438445,"C_999",2054,1642,2315,0.444264069264069
"570",29,18,0.794718309859155,"C_999",2257,2162,2840,0.489250961756053
"571",0,19,NA,"C_999",12793,8312,NA,0.393840322198531
"572",1,19,0.800760167236792,"C_999",10534,10625,13155,0.502150385178884
"573",2,19,0.868217054263566,"C_999",7168,7536,8256,0.512513601741023
"574",3,19,0.737296110414053,"C_999",9402,7998,12752,0.459655172413793
"575",4,19,0.851171402122054,"C_999",11953,8817,14043,0.424506499759268
"576",5,19,0.891044160132068,"C_999",10795,9756,12115,0.474721424748187
"577",6,19,0.813028712565607,"C_999",13167,9274,16195,0.41326144111225
"578",7,19,0.86836447825368,"C_999",10502,10855,12094,0.508264269326216
"579",8,19,0.867549223842484,"C_999",12910,7397,14881,0.364258630029054
"580",9,19,0.887708168120539,"C_999",11194,9684,12610,0.463837532330683
"581",10,19,0.782258918175082,"C_999",7390,7874,9447,0.51585429769392
"582",11,19,0.713001383125864,"C_999",6186,7651,8676,0.552937775529378
"583",12,19,0.84041184041184,"C_999",5877,5736,6993,0.493929217256523
"584",13,19,0.88273352203801,"C_999",4366,5527,4946,0.558677853027393
"585",14,19,0.707342295760083,"C_999",4104,3461,5802,0.457501652346332
"586",15,19,0.751818181818182,"C_999",4962,5398,6600,0.521042471042471
"587",16,19,0.772529069767442,"C_999",5315,5173,6880,0.493230358504958
"588",17,19,0.57027089604075,"C_999",2463,5244,4319,0.68042039704165
"589",18,19,0.895491803278688,"C_999",2185,2516,2440,0.535205275473304
"590",19,19,0.909369259032456,"C_999",1485,1974,1633,0.570685169124024
"591",20,19,0.803634528016153,"C_999",1592,1310,1981,0.451412818745693
"592",21,19,1,"C_999",1395,1620,1349,0.537313432835821
"593",22,19,0.917376490630324,"C_999",1077,1166,1174,0.519839500668747
"594",23,19,0.806111696522655,"C_999",765,1207,949,0.612068965517241
"595",24,19,1,"C_999",865,753,831,0.465389369592089
"596",25,19,1,"C_999",818,798,648,0.493811881188119
"597",26,19,0.915690866510539,"C_999",782,676,854,0.463648834019204
"598",27,19,1,"C_999",1119,929,995,0.45361328125
"599",28,19,0.953328232593726,"C_999",1246,958,1307,0.434664246823956
"600",29,19,1,"C_999",1022,1153,901,0.530114942528736
"601",0,20,NA,"C_999",4630,3312,NA,0.417023419793503
"602",1,20,0.591972420586063,"C_999",4808,4671,8122,0.492773499314274
"603",2,20,0.528488269536073,"C_999",2996,4865,5669,0.618878005342832
"604",3,20,0.504498849131617,"C_999",2411,2389,4779,0.497708333333333
"605",4,20,0.590887442451183,"C_999",3722,3103,6299,0.454652014652015
"606",5,20,0.550445103857567,"C_999",4452,3865,8088,0.464710833233137
"607",6,20,0.659807750075098,"C_999",4393,4137,6658,0.484994138335287
"608",7,20,0.561493662213087,"C_999",4917,4410,8757,0.472820842714699
"609",8,20,0.672126745435016,"C_999",5006,3054,7448,0.378908188585608
"610",9,20,0.673798752903778,"C_999",5511,4731,8179,0.461921499707088
"611",10,20,0.58339381622877,"C_999",4019,4305,6889,0.51717924074964
"612",11,20,0.428192898781134,"C_999",1616,3616,3774,0.691131498470948
"613",12,20,0.557452229299363,"C_999",2188,2261,3925,0.508204090806923
"614",13,20,0.602118893466745,"C_999",2046,2479,3398,0.547845303867403
"615",14,20,0.507776376628836,"C_999",1208,1987,2379,0.621909233176839
"616",15,20,0.477396726422447,"C_999",1225,1538,2566,0.556641331885632
"617",16,20,0.52078705172961,"C_999",1641,1811,3151,0.524623406720742
"618",17,20,0.40982028241335,"C_999",1277,2199,3116,0.632623705408516
"619",18,20,0.968690702087287,"C_999",1021,1409,1054,0.579835390946502
"620",19,20,0.84949215143121,"C_999",920,1102,1083,0.545004945598417
"621",20,20,1,"C_999",816,702,783,0.462450592885375
"622",21,20,1,"C_999",790,837,755,0.514443761524278
"623",22,20,0.981818181818182,"C_999",702,680,715,0.492040520984081
"624",23,20,0.860125260960334,"C_999",412,598,479,0.592079207920792
"625",24,20,1,"C_999",472,464,301,0.495726495726496
"626",25,20,1,"C_999",548,488,377,0.471042471042471
"627",26,20,1,"C_999",417,471,347,0.530405405405405
"628",27,20,1,"C_999",541,335,447,0.382420091324201
"629",28,20,1,"C_999",636,502,617,0.441124780316344
"630",29,20,1,"C_999",652,599,647,0.478816946442846
"631",0,21,NA,"C_999",1631,1258,NA,0.435444790584977
"632",1,21,0.771067894916411,"C_999",2260,1699,2931,0.429148774943167
"633",2,21,0.691522762951334,"C_999",1762,2260,2548,0.561909497762307
"634",3,21,0.887700534759358,"C_999",1494,1313,1683,0.467759173494834
"635",4,21,1,"C_999",1507,977,1434,0.393317230273752
"636",5,21,0.817958179581796,"C_999",1995,1283,2439,0.391397193410616
"637",6,21,0.826777336701552,"C_999",2291,1681,2771,0.423212487411883
"638",7,21,0.867042707493957,"C_999",2152,1911,2482,0.470342111740094
"639",8,21,0.847637685211071,"C_999",3032,1340,3577,0.306495882891125
"640",9,21,0.923666666666667,"C_999",2771,2006,3000,0.419928825622776
"641",10,21,0.680188124632569,"C_999",2314,2109,3402,0.476825683924938
"642",11,21,0.580752212389381,"C_999",1050,2211,1808,0.678012879484821
"643",12,21,1,"C_999",812,972,644,0.544843049327354
"644",13,21,0.956033676333021,"C_999",1022,1119,1069,0.522652965903783
"645",14,21,0.666347992351816,"C_999",697,1000,1046,0.589275191514437
"646",15,21,0.936708860759494,"C_999",444,734,474,0.623089983022071
"647",16,21,0.944199706314244,"C_999",643,544,681,0.458298230834035
"648",17,21,0.792817679558011,"C_999",574,917,724,0.615023474178404
"649",18,21,1,"C_999",631,807,470,0.561196105702364
"650",19,21,1,"C_999",520,631,390,0.548218940052129
"651",20,21,0.987341772151899,"C_999",546,367,553,0.40197152245345
"652",21,21,1,"C_999",522,516,300,0.497109826589595
"653",22,21,1,"C_999",458,469,321,0.505933117583603
"654",23,21,1,"C_999",326,405,297,0.554035567715458
"655",24,21,1,"C_999",268,308,104,0.534722222222222
"656",25,21,1,"C_999",337,288,184,0.4608
"657",26,21,1,"C_999",361,293,255,0.448012232415902
"658",27,21,1,"C_999",291,292,125,0.500857632933105
"659",28,21,1,"C_999",384,225,316,0.369458128078818
"660",29,21,1,"C_999",448,383,253,0.460890493381468
"661",0,22,NA,"C_999",1250,1085,NA,0.464668094218415
"662",1,22,1,"C_999",1001,813,818,0.448180815876516
"663",2,22,0.799833887043189,"C_999",963,1056,1204,0.523031203566122
"664",3,22,0.964250248262165,"C_999",971,755,1007,0.437427578215527
"665",4,22,1,"C_999",793,721,773,0.476221928665786
"666",5,22,0.997870074547391,"C_999",937,568,939,0.377408637873754
"667",6,22,1,"C_999",1156,839,1156,0.420551378446115
"668",7,22,0.969672785315243,"C_999",1215,1038,1253,0.460719041278296
"669",8,22,1,"C_999",1424,738,1414,0.341350601295097
"670",9,22,0.95485564304462,"C_999",1819,1127,1905,0.38255261371351
"671",10,22,0.728172293364377,"C_999",1251,1053,1718,0.45703125
"672",11,22,0.668273866923819,"C_999",693,1277,1037,0.648223350253807
"673",12,22,1,"C_999",466,641,409,0.579042457091238
"674",13,22,1,"C_999",411,613,199,0.5986328125
"675",14,22,0.666666666666667,"C_999",340,512,510,0.60093896713615
"676",15,22,1,"C_999",320,491,206,0.605425400739827
"677",16,22,1,"C_999",213,328,116,0.606284658040665
"678",17,22,0.940199335548173,"C_999",283,342,301,0.5472
"679",18,22,1,"C_999",285,405,169,0.58695652173913
"680",19,22,1,"C_999",303,407,224,0.573239436619718
"681",20,22,1,"C_999",316,268,252,0.458904109589041
"682",21,22,1,"C_999",313,343,203,0.522865853658537
"683",22,22,1,"C_999",311,277,245,0.47108843537415
"684",23,22,1,"C_999",259,269,189,0.509469696969697
"685",24,22,1,"C_999",241,210,116,0.465631929046563
"686",25,22,1,"C_999",208,228,40,0.522935779816514
"687",26,22,1,"C_999",237,206,131,0.465011286681716
"688",27,22,1,"C_999",293,200,161,0.405679513184584
"689",28,22,1,"C_999",200,194,97,0.49238578680203
"690",29,22,1,"C_999",303,205,179,0.403543307086614
"691",0,23,NA,"C_999",931,868,NA,0.482490272373541
"692",1,23,1,"C_999",574,734,516,0.561162079510703
"693",2,23,1,"C_999",465,591,410,0.559659090909091
"694",3,23,1,"C_999",581,444,519,0.433170731707317
"695",4,23,1,"C_999",637,498,473,0.438766519823789
"696",5,23,1,"C_999",475,399,394,0.456521739130435
"697",6,23,1,"C_999",640,377,560,0.370698131760079
"698",7,23,1,"C_999",632,593,563,0.484081632653061
"699",8,23,1,"C_999",853,463,752,0.351823708206687
"700",9,23,1,"C_999",866,656,768,0.431011826544021
"701",10,23,0.644289450741064,"C_999",739,672,1147,0.476257973068746
"702",11,23,0.6996336996337,"C_999",382,705,546,0.648574057037719
"703",12,23,1,"C_999",358,461,232,0.562881562881563
"704",13,23,1,"C_999",235,433,33,0.648203592814371
"705",14,23,1,"C_999",184,263,148,0.588366890380313
"706",15,23,1,"C_999",186,269,71,0.591208791208791
"707",16,23,1,"C_999",200,247,73,0.552572706935123
"708",17,23,1,"C_999",98,203,10,0.674418604651163
"709",18,23,1,"C_999",183,202,81,0.524675324675325
"710",19,23,1,"C_999",157,233,52,0.597435897435897
"711",20,23,1,"C_999",222,205,98,0.480093676814988
"712",21,23,1,"C_999",195,205,111,0.5125
"713",22,23,1,"C_999",197,226,87,0.534278959810875
"714",23,23,1,"C_999",186,198,113,0.515625
"715",24,23,1,"C_999",176,178,81,0.502824858757062
"716",25,23,1,"C_999",178,149,92,0.45565749235474
"717",26,23,1,"C_999",158,139,69,0.468013468013468
"718",27,23,1,"C_999",205,157,80,0.433701657458564
"719",28,23,1,"C_999",214,118,175,0.355421686746988
"720",29,23,1,"C_999",176,147,53,0.455108359133127
"721",0,24,NA,"C_999",677,589,NA,0.465244865718799
"722",1,24,1,"C_999",459,541,390,0.541
"723",2,24,1,"C_999",278,401,173,0.590574374079529
"724",3,24,1,"C_999",251,290,175,0.536044362292052
"725",4,24,1,"C_999",354,294,287,0.453703703703704
"726",5,24,1,"C_999",423,335,302,0.441952506596306
"727",6,24,1,"C_999",292,317,158,0.520525451559934
"728",7,24,1,"C_999",406,288,352,0.414985590778098
"729",8,24,1,"C_999",470,321,311,0.405815423514539
"730",9,24,1,"C_999",572,430,423,0.429141716566866
"731",10,24,0.687872763419483,"C_999",346,363,503,0.511988716502116
"732",11,24,0.724770642201835,"C_999",237,412,327,0.63482280431433
"733",12,24,1,"C_999",216,261,121,0.547169811320755
"734",13,24,1,"C_999",172,302,56,0.637130801687764
"735",14,24,1,"C_999",98,244,-9,0.713450292397661
"736",15,24,1,"C_999",106,194,-10,0.646666666666667
"737",16,24,1,"C_999",110,167,19,0.602888086642599
"738",17,24,1,"C_999",104,186,14,0.641379310344828
"739",18,24,1,"C_999",66,134,-36,0.67
"740",19,24,1,"C_999",106,133,50,0.556485355648536
"741",20,24,1,"C_999",103,131,26,0.55982905982906
"742",21,24,1,"C_999",144,147,75,0.505154639175258
"743",22,24,1,"C_999",108,142,53,0.568
"744",23,24,1,"C_999",126,169,28,0.572881355932203
"745",24,24,1,"C_999",139,201,-15,0.591176470588235
"746",25,24,1,"C_999",133,120,56,0.474308300395257
"747",26,24,1,"C_999",143,100,78,0.411522633744856
"748",27,24,1,"C_999",142,94,64,0.398305084745763
"749",28,24,1,"C_999",158,119,86,0.429602888086643
"750",29,24,1,"C_999",175,123,91,0.412751677852349
"751",0,25,NA,"C_999",388,481,NA,0.553509781357883
"752",1,25,1,"C_999",301,390,287,0.564399421128799
"753",2,25,1,"C_999",174,341,118,0.662135922330097
"754",3,25,1,"C_999",141,208,70,0.595988538681948
"755",4,25,1,"C_999",132,198,53,0.6
"756",5,25,1,"C_999",217,187,167,0.462871287128713
"757",6,25,1,"C_999",259,283,140,0.522140221402214
"758",7,25,1,"C_999",194,260,32,0.572687224669604
"759",8,25,1,"C_999",304,178,228,0.369294605809129
"760",9,25,1,"C_999",336,299,171,0.470866141732283
"761",10,25,0.604719764011799,"C_999",205,233,339,0.531963470319635
"762",11,25,1,"C_999",135,253,93,0.652061855670103
"763",12,25,1,"C_999",136,225,12,0.623268698060942
"764",13,25,1,"C_999",95,250,-34,0.72463768115942
"765",14,25,1,"C_999",75,133,39,0.639423076923077
"766",15,25,1,"C_999",45,150,-52,0.769230769230769
"767",16,25,1,"C_999",73,99,7,0.575581395348837
"768",17,25,1,"C_999",70,109,1,0.608938547486033
"769",18,25,1,"C_999",72,89,15,0.552795031055901
"770",19,25,1,"C_999",39,102,-36,0.723404255319149
"771",20,25,1,"C_999",73,65,41,0.471014492753623
"772",21,25,1,"C_999",72,137,-34,0.655502392344498
"773",22,25,1,"C_999",91,119,25,0.566666666666667
"774",23,25,1,"C_999",65,120,-12,0.648648648648649
"775",24,25,1,"C_999",275,136,-10,0.330900243309002
"776",25,25,1,"C_999",119,93,46,0.438679245283019
"777",26,25,1,"C_999",117,98,35,0.455813953488372
"778",27,25,1,"C_999",129,88,55,0.405529953917051
"779",28,25,1,"C_999",105,81,61,0.435483870967742
"780",29,25,1,"C_999",144,81,77,0.36
"781",0,26,NA,"C_999",641,1689,NA,0.724892703862661
"782",1,26,1,"C_999",599,1838,-809,0.754205990972507
"783",2,26,1,"C_999",398,1687,-787,0.809112709832134
"784",3,26,1,"C_999",343,1722,-1150,0.833898305084746
"785",4,26,1,"C_999",325,1690,-1206,0.838709677419355
"786",5,26,1,"C_999",315,1356,-899,0.81149012567325
"787",6,26,1,"C_999",285,1349,-817,0.825581395348837
"788",7,26,1,"C_999",347,1211,-667,0.777278562259307
"789",8,26,1,"C_999",405,1129,-588,0.735984354628422
"790",9,26,1,"C_999",521,1919,-1210,0.786475409836066
"791",10,26,1,"C_999",361,1097,-240,0.752400548696845
"792",11,26,1,"C_999",340,1173,-607,0.775280898876405
"793",12,26,1,"C_999",399,1025,-550,0.719803370786517
"794",13,26,1,"C_999",366,1493,-958,0.803119956966111
"795",14,26,1,"C_999",224,1064,-603,0.826086956521739
"796",15,26,1,"C_999",220,1064,-765,0.828660436137072
"797",16,26,1,"C_999",237,918,-653,0.794805194805195
"798",17,26,1,"C_999",237,984,-674,0.805896805896806
"799",18,26,1,"C_999",276,1078,-771,0.79615952732644
"800",19,26,1,"C_999",281,915,-567,0.76505016722408
"801",20,26,1,"C_999",280,795,-475,0.73953488372093
"802",21,26,1,"C_999",275,966,-613,0.778404512489927
"803",22,26,1,"C_999",311,1102,-755,0.779900920028309
"804",23,26,1,"C_999",301,1063,-661,0.779325513196481
"805",24,26,1,"C_999",333,1180,-814,0.77990746860542
"806",25,26,1,"C_999",347,837,-229,0.706925675675676
"807",26,26,1,"C_999",397,938,-472,0.702621722846442
"808",27,26,1,"C_999",521,1038,-524,0.665811417575369
"809",28,26,1,"C_999",488,787,-137,0.617254901960784
"810",29,26,1,"C_999",525,944,-351,0.642614023144997
"811",0,NA,NA,"C_999",0,0,NA,NA
"812",1,NA,0,"C_999",0,0,1749897,NA
"813",2,NA,0,"C_999",0,0,1839788,NA
"814",3,NA,0,"C_999",0,0,1757842,NA
"815",4,NA,0,"C_999",0,0,1735115,NA
"816",5,NA,0,"C_999",0,0,1715394,NA
"817",6,NA,0,"C_999",0,0,1784595,NA
"818",7,NA,0,"C_999",0,0,1798012,NA
"819",8,NA,0,"C_999",0,0,1453059,NA
"820",9,NA,0,"C_999",0,0,1814019,NA
"821",10,NA,0,"C_999",0,0,1751196,NA
"822",11,NA,0,"C_999",0,0,1680054,NA
"823",12,NA,0,"C_999",0,0,1763358,NA
"824",13,NA,0,"C_999",0,0,1790643,NA
"825",14,NA,0,"C_999",0,0,1692573,NA
"826",15,NA,0,"C_999",0,0,1861645,NA
"827",16,NA,0,"C_999",0,0,1651917,NA
"828",17,NA,0,"C_999",0,0,1712904,NA
"829",18,NA,0,"C_999",0,0,1905187,NA
"830",19,NA,0,"C_999",0,0,1749354,NA
"831",20,NA,0,"C_999",0,0,1554327,NA
"832",21,NA,0,"C_999",0,0,1828801,NA
"833",22,NA,0,"C_999",0,0,1693948,NA
"834",23,NA,0,"C_999",0,0,1804985,NA
"835",24,NA,0,"C_999",0,0,1718729,NA
"836",25,NA,0,"C_999",0,0,1758715,NA
"837",26,NA,0,"C_999",0,0,1835077,NA
"838",27,NA,0,"C_999",0,0,1922022,NA
"839",28,NA,0,"C_999",0,0,1608188,NA
"840",29,NA,0,"C_999",0,0,1825086,NA
