"","t","s","date","activity_type","ideal_value","measure_type","baseline_value"
"1",1,"C_999",2024-03-01,"first",1465689.25760588,"activity",1462865.06845722
"2",1,"C_999",2024-03-01,"fups",3290808.09944966,"activity",3284467.14793039
"3",1,"C_999",2024-03-01,"ncl",591548.023394802,"activity",590408.188672049
"4",1,"C_999",2024-03-01,"cl",3254317.91465246,"activity",3248047.27488815
"5",1,"C_999",2024-03-01,"proc",910631.419008285,"activity",908876.752827408
"6",1,"C_999",2024-03-01,"non_proc",3845865.93804726,"activity",3838455.4635602
"7",1,"C_999",2024-03-01,"dc",218860.625812939,"activity",218438.910363171
"8",1,"C_999",2024-03-01,"ord",48973.1720821988,"activity",48878.8072634267
"9",2,"C_999",2024-04-01,"first",1471543.80759039,"activity",1465878.33098311
"10",2,"C_999",2024-04-01,"fups",3303952.90514955,"activity",3291232.6124888
"11",2,"C_999",2024-04-01,"ncl",593910.903147947,"activity",591624.332873088
"12",2,"C_999",2024-04-01,"cl",3267316.96393793,"activity",3254737.72047113
"13",2,"C_999",2024-04-01,"proc",914268.84565406,"activity",910748.890127699
"14",2,"C_999",2024-04-01,"non_proc",3861227.86708587,"activity",3846362.05334422
"15",2,"C_999",2024-04-01,"dc",219734.842818223,"activity",218888.858753482
"16",2,"C_999",2024-04-01,"ord",49168.7905479595,"activity",48979.4896034545
"17",3,"C_999",2024-05-01,"first",1477421.7429926,"activity",1468897.80033645
"18",3,"C_999",2024-05-01,"fups",3317150.21646862,"activity",3298012.0127965
"19",3,"C_999",2024-05-01,"ncl",596283.22118929,"activity",592842.982132061
"20",3,"C_999",2024-05-01,"cl",3280367.93663308,"activity",3261441.94727658
"21",3,"C_999",2024-05-01,"proc",917920.80163885,"activity",912624.883724303
"22",3,"C_999",2024-05-01,"non_proc",3876651.15782237,"activity",3854284.92940864
"23",3,"C_999",2024-05-01,"dc",220612.551796398,"activity",219339.733963807
"24",3,"C_999",2024-05-01,"ord",49365.1903922286,"activity",49080.3793326181
"25",4,"C_999",2024-06-01,"first",1483323.15722325,"activity",1471923.48930228
"26",4,"C_999",2024-06-01,"fups",3330400.24313535,"activity",3304805.37755883
"27",4,"C_999",2024-06-01,"ncl",598665.015219134,"activity",594064.141608979
"28",4,"C_999",2024-06-01,"cl",3293471.04014081,"activity",3268159.98369157
"29",4,"C_999",2024-06-01,"proc",921587.344998653,"activity",914504.741560559
"30",4,"C_999",2024-06-01,"non_proc",3892136.05535994,"activity",3862224.12530055
"31",4,"C_999",2024-06-01,"dc",221493.766695804,"activity",219791.537903243
"32",4,"C_999",2024-06-01,"ord",49562.3747361446,"activity",49181.4768781051
"33",5,"C_999",2024-07-01,"first",1489248.14406617,"activity",1474955.41069197
"34",5,"C_999",2024-07-01,"fups",3343703.19571596,"activity",3311612.7355403
"35",5,"C_999",2024-07-01,"ncl",601056.323088374,"activity",595287.816474478
"36",5,"C_999",2024-07-01,"cl",3306626.48269247,"activity",3274891.85816163
"37",5,"C_999",2024-07-01,"proc",925268.534001289,"activity",916388.471596169
"38",5,"C_999",2024-07-01,"non_proc",3907682.80578084,"activity",3870179.6746361
"39",5,"C_999",2024-07-01,"dc",222378.501520493,"activity",220244.272484821
"40",5,"C_999",2024-07-01,"ord",49760.3467133135,"activity",49282.782667983
"41",6,"C_999",2024-08-01,"first",1495196.79767984,"activity",1477993.57734332
"42",6,"C_999",2024-08-01,"fups",3357059.28561774,"activity",3318434.11556464
"43",6,"C_999",2024-08-01,"ncl",603457.182799095,"activity",596514.011909847
"44",6,"C_999",2024-08-01,"cl",3319834.47335116,"activity",3281637.59919088
"45",6,"C_999",2024-08-01,"proc",928964.427147321,"activity",918276.081807228
"46",6,"C_999",2024-08-01,"non_proc",3923291.65615026,"activity",3878151.61110073
"47",6,"C_999",2024-08-01,"dc",223266.770330457,"activity",220697.93962551
"48",6,"C_999",2024-08-01,"ord",49959.1094698579,"activity",49384.2971312013
"49",7,"C_999",2024-09-01,"first",1501169.2125988,"activity",1481038.00212052
"50",7,"C_999",2024-09-01,"fups",3370468.72509244,"activity",3325269.54651496
"51",7,"C_999",2024-09-01,"ncl",605867.632505178,"activity",597742.733107049
"52",7,"C_999",2024-09-01,"cl",3333095.22201507,"activity",3288397.23534217
"53",7,"C_999",2024-09-01,"proc",932675.083170988,"activity",920167.580186264
"54",7,"C_999",2024-09-01,"non_proc",3938962.85452025,"activity",3886139.96844922
"55",7,"C_999",2024-09-01,"dc",224158.587241849,"activity",221152.54124623
"56",7,"C_999",2024-09-01,"ord",50158.6661644675,"activity",49486.0206975929
"57",8,"C_999",2024-10-01,"first",1507165.48373523,"activity",1484088.69791431
"58",8,"C_999",2024-10-01,"fups",3383931.72723963,"activity",3332119.05733388
"59",8,"C_999",2024-10-01,"ncl",608287.710512905,"activity",598973.985268737
"60",8,"C_999",2024-10-01,"cl",3346408.93942082,"activity",3295170.79523718
"61",8,"C_999",2024-10-01,"proc",936400.561041137,"activity",922062.974742265
"62",8,"C_999",2024-10-01,"non_proc",3954696.64993372,"activity",3894144.78050592
"63",8,"C_999",2024-10-01,"dc",225053.966427206,"activity",221608.079271857
"64",8,"C_999",2024-10-01,"ord",50359.0199684488,"activity",49587.9537978759
"65",9,"C_999",2024-11-01,"first",1513185.70638041,"activity",1487145.67764193
"66",9,"C_999",2024-11-01,"fups",3397448.50601007,"activity",3338982.67702361
"67",9,"C_999",2024-11-01,"ncl",610717.45528157,"activity",600207.773608286
"68",9,"C_999",2024-11-01,"cl",3359775.83714675,"activity",3301958.30755654
"69",9,"C_999",2024-11-01,"proc",940140.919962158,"activity",923962.273500718
"70",9,"C_999",2024-11-01,"non_proc",3970493.29242833,"activity",3902166.08116482
"71",9,"C_999",2024-11-01,"dc",225952.92211568,"activity",222064.555631232
"72",9,"C_999",2024-11-01,"ord",50560.174065776,"activity",49690.0968636561
"73",10,"C_999",2024-12-01,"first",1519229.97620628,"activity",1490208.95424728
"74",10,"C_999",2024-12-01,"fups",3411019.27620914,"activity",3345860.43464612
"75",10,"C_999",2024-12-01,"ncl",613156.905424089,"activity",601444.103349806
"76",10,"C_999",2024-12-01,"cl",3373196.1276164,"activity",3308759.80103995
"77",10,"C_999",2024-12-01,"proc",943896.219374931,"activity",925865.484503641
"78",10,"C_999",2024-12-01,"non_proc",3986353.03304048,"activity",3910203.90438976
"79",10,"C_999",2024-12-01,"dc",226855.468593254,"activity",222521.972257167
"80",10,"C_999",2024-12-01,"ord",50762.1316531412,"activity",49792.4503274278
"81",11,"C_999",2025-01-01,"first",1525298.38926689,"activity",1493278.54070088
"82",11,"C_999",2025-01-01,"fups",3424644.25350023,"activity",3352752.35932323
"83",11,"C_999",2025-01-01,"ncl",615606.099707611,"activity",602682.979728169
"84",11,"C_999",2025-01-01,"cl",3386670.02410174,"activity",3315575.30448633
"85",11,"C_999",2025-01-01,"proc",947666.518957764,"activity",927772.615809617
"86",11,"C_999",2025-01-01,"non_proc",4002276.12380935,"activity",3918258.2842145
"87",11,"C_999",2025-01-01,"dc",227761.62020298,"activity",222980.33108646
"88",11,"C_999",2025-01-01,"ord",50964.8959400056,"activity",49895.0146225766
"89",12,"C_999",2025-02-01,"first",1531391.042,"activity",1496354.45
"90",12,"C_999",2025-02-01,"fups",3438323.65440817,"activity",3359658.48023677
"91",12,"C_999",2025-02-01,"ncl",618065.07705414,"activity",603924.40798903
"92",12,"C_999",2025-02-01,"cl",3400197.74072669,"activity",3322404.84675391
"93",12,"C_999",2025-02-01,"proc",951451.878627344,"activity",929683.675493829
"94",12,"C_999",2025-02-01,"non_proc",4018262.81778083,"activity",3926329.25474294
"95",12,"C_999",2025-02-01,"dc",228671.391345198,"activity",223439.634059893
"96",12,"C_999",2025-02-01,"ord",51168.47014865,"activity",49997.7901833805
"97",13,"C_999",2025-03-01,"first",1537508.03122857,"activity",1499436.69516865
"98",13,"C_999",2025-03-01,"fups",3452057.6963227,"activity",3366578.82662864
"99",13,"C_999",2025-03-01,"ncl",620533.876541147,"activity",605168.393388849
"100",13,"C_999",2025-03-01,"cl",3413779.49247043,"activity",3329248.45676035
"101",13,"C_999",2025-03-01,"proc",955252.358539691,"activity",931598.671648092
"102",13,"C_999",2025-03-01,"non_proc",4034313.36901158,"activity",3934416.8501492
"103",13,"C_999",2025-03-01,"dc",229584.796477773,"activity",223899.88312225
"104",13,"C_999",2025-03-01,"ord",51372.8575142265,"activity",50100.7774450123
"105",14,"C_999",2025-04-01,"first",1543649.45416232,"activity",1502525.28925769
"106",14,"C_999",2025-04-01,"fups",3465846.59750188,"activity",3373513.42780102
"107",14,"C_999",2025-04-01,"ncl",623012.537402196,"activity",606414.941194914
"108",14,"C_999",2025-04-01,"cl",3427415.49517089,"activity",3336106.1634829
"109",14,"C_999",2025-04-01,"proc",959068.01909111,"activity",933517.61238089
"110",14,"C_999",2025-04-01,"non_proc",4050428.03257308,"activity",3942521.10467782
"111",14,"C_999",2025-04-01,"dc",230501.850116316,"activity",224361.080222319
"112",14,"C_999",2025-04-01,"ord",51578.0612848096,"activity",50203.9768435408
"113",15,"C_999",2025-05-01,"first",1549815.40839924,"activity",1505620.24534486
"114",15,"C_999",2025-05-01,"fups",3479690.57707558,"activity",3380462.3131164
"115",15,"C_999",2025-05-01,"ncl",625501.099027565,"activity",607664.056685362
"116",15,"C_999",2025-05-01,"cl",3441105.9655281,"activity",3342977.99595849
"117",15,"C_999",2025-05-01,"proc",962898.920919154,"activity",935440.505817409
"118",15,"C_999",2025-05-01,"non_proc",4066607.06455566,"activity",3950642.05264386
"119",15,"C_999",2025-05-01,"dc",231422.566834422,"activity",224823.227312902
"120",15,"C_999",2025-05-01,"ord",51784.0847214478,"activity",50307.3888159335
"121",16,"C_999",2025-06-01,"first",1556005.99192719,"activity",1508721.57653483
"122",16,"C_999",2025-06-01,"fups",3493589.85504898,"activity",3387425.5119978
"123",16,"C_999",2025-06-01,"ncl",627999.600964872,"activity",608915.745149202
"124",16,"C_999",2025-06-01,"cl",3454851.12110771,"activity",3349863.98328385
"125",16,"C_999",2025-06-01,"proc",966745.124903588,"activity",937367.360099572
"126",16,"C_999",2025-06-01,"non_proc",4082850.72207258,"activity",3958779.72843306
"127",16,"C_999",2025-06-01,"dc",232346.961263898,"activity",225286.326350824
"128",16,"C_999",2025-06-01,"ord",51990.9310982157,"activity",50411.0138000576
"129",17,"C_999",2025-07-01,"first",1562221.30312542,"activity",1511829.29595927
"130",17,"C_999",2025-07-01,"fups",3507544.65230604,"activity",3394403.0539288
"131",17,"C_999",2025-07-01,"ncl",630508.082919705,"activity",610170.011886339
"132",17,"C_999",2025-07-01,"cl",3468651.1803444,"activity",3356764.15461566
"133",17,"C_999",2025-07-01,"proc",970606.692167352,"activity",939298.183386071
"134",17,"C_999",2025-07-01,"non_proc",4099159.2632641,"activity",3966934.166502
"135",17,"C_999",2025-07-01,"dc",233275.048094997,"activity",225750.379296941
"136",17,"C_999",2025-07-01,"ord",52198.6037022659,"activity",50514.8522346825
"137",18,"C_999",2025-08-01,"first",1568461.44076615,"activity",1514943.4167769
"138",18,"C_999",2025-08-01,"fups",3521555.19061301,"activity",3401394.96845375
"139",18,"C_999",2025-08-01,"ncl",633026.584756251,"activity",611426.862207593
"140",18,"C_999",2025-08-01,"cl",3482506.36254537,"activity",3363678.53917065
"141",18,"C_999",2025-08-01,"proc",974483.68407754,"activity",941232.983852408
"142",18,"C_999",2025-08-01,"non_proc",4115532.94730162,"activity",3975105.40137824
"143",18,"C_999",2025-08-01,"dc",234206.842076649,"activity",226215.388116148
"144",18,"C_999",2025-08-01,"ord",52407.105833881,"activity",50618.9045594813
"145",19,"C_999",2025-09-01,"first",1574726.50401614,"activity",1518063.95217353
"146",19,"C_999",2025-09-01,"fups",3535621.69262197,"activity",3408401.28517783
"147",19,"C_999",2025-09-01,"ncl",635555.146497932,"activity",612686.301434724
"148",19,"C_999",2025-09-01,"cl",3496416.88789381,"activity",3370607.16622572
"149",19,"C_999",2025-09-01,"proc",978376.162246367,"activity",943171.769690919
"150",19,"C_999",2025-09-01,"non_proc",4131972.03439175,"activity",3983293.46766045
"151",19,"C_999",2025-09-01,"dc",235142.358016699,"activity",226681.354777386
"152",19,"C_999",2025-09-01,"ord",52616.4408065264,"activity",50723.1712150326
"153",20,"C_999",2025-10-01,"first",1581016.59243825,"activity",1521190.91536216
"154",20,"C_999",2025-10-01,"fups",3549744.38187437,"activity",3415422.03376722
"155",20,"C_999",2025-10-01,"ncl",638093.808328038,"activity",613948.334900455
"156",20,"C_999",2025-10-01,"cl",3510382.97745244,"activity",3377550.06511811
"157",20,"C_999",2025-10-01,"proc",982284.188532152,"activity",945114.54911082
"158",20,"C_999",2025-10-01,"non_proc",4148476.78578047,"activity",3991498.40001856
"159",20,"C_999",2025-10-01,"dc",236081.61078214,"activity",227148.281253653
"160",20,"C_999",2025-10-01,"ord",52826.6119469028,"activity",50827.6526428228
"161",21,"C_999",2025-11-01,"first",1587331.80599305,"activity",1524324.31958298
"162",21,"C_999",2025-11-01,"fups",3563923.48280457,"activity",3422457.24394919
"163",21,"C_999",2025-11-01,"ncl",640642.610590368,"activity",615212.967948493
"164",21,"C_999",2025-11-01,"cl",3524404.85316695,"activity",3384507.26524545
"165",21,"C_999",2025-11-01,"proc",986207.825040304,"activity",947061.330338235
"166",21,"C_999",2025-11-01,"non_proc",4165047.46375732,"activity",3999720.23319394
"167",21,"C_999",2025-11-01,"dc",237024.615299348,"activity",227616.169522012
"168",21,"C_999",2025-11-01,"ord",53037.622594999,"activity",50932.3492852474
"169",22,"C_999",2025-12-01,"first",1593672.24504038,"activity",1527464.17810346
"170",22,"C_999",2025-12-01,"fups",3578159.22074339,"activity",3429506.94551226
"171",22,"C_999",2025-12-01,"ncl",643201.59378987,"activity",616480.20593355
"172",22,"C_999",2025-12-01,"cl",3538482.7378696,"activity",3391478.79606594
"173",22,"C_999",2025-12-01,"proc",990147.134124303,"activity",949012.121616231
"174",22,"C_999",2025-12-01,"non_proc",4181684.33165947,"activity",4007959.0019995
"175",22,"C_999",2025-12-01,"dc",237971.386554323,"activity",228085.021563596
"176",22,"C_999",2025-12-01,"ord",53249.4761041451,"activity",51037.2615856135
"177",23,"C_999",2026-01-01,"first",1600038.01034097,"activity",1530610.5042184
"178",23,"C_999",2026-01-01,"fups",3592451.82192174,"activity",3436571.16830631
"179",23,"C_999",2026-01-01,"ncl",645770.798593285,"activity",617750.054221373
"180",23,"C_999",2026-01-01,"cl",3552616.85528272,"activity",3398464.68709848
"181",23,"C_999",2026-01-01,"proc",994102.178386695,"activity",950966.931204856
"182",23,"C_999",2026-01-01,"non_proc",4198387.65387601,"activity",4016214.74131986
"183",23,"C_999",2026-01-01,"dc",238921.939592926,"activity",228554.839363621
"184",23,"C_999",2026-01-01,"ord",53462.1758410659,"activity",51142.389988141
"185",24,"C_999",2026-02-01,"first",1606429.203058,"activity",1533763.31125
"186",24,"C_999",2026-02-01,"fups",3606801.51347417,"activity",3443649.94224268
"187",24,"C_999",2026-02-01,"ncl",648350.265829793,"activity",619022.518188755
"188",24,"C_999",2026-02-01,"cl",3566807.43002229,"activity",3405464.96792275
"189",24,"C_999",2026-02-01,"proc",998073.020680084,"activity",952925.767381173
"190",24,"C_999",2026-02-01,"non_proc",4215157.69585209,"activity",4024487.4861115
"191",24,"C_999",2026-02-01,"dc",239876.289521113,"activity",229025.62491139
"192",24,"C_999",2026-02-01,"ord",53675.7251859339,"activity",51247.734937965
"193",25,"C_999",2026-03-01,"first",1612845.92475877,"activity",1536922.61254786
"194",25,"C_999",2026-03-01,"fups",3621208.52344251,"activity",3450743.29729436
"195",25,"C_999",2026-03-01,"ncl",650940.036491664,"activity",620297.60322357
"196",25,"C_999",2026-03-01,"cl",3581054.68760148,"activity",3412479.66817936
"197",25,"C_999",2026-03-01,"proc",1002059.72410814,"activity",954888.638439293
"198",25,"C_999",2026-03-01,"non_proc",4231994.72409315,"activity",4032777.27140293
"199",25,"C_999",2026-03-01,"dc",240834.451505184,"activity",229497.380200306
"200",25,"C_999",2026-03-01,"ord",53890.1275324236,"activity",51353.2968811375
"201",26,"C_999",2026-04-01,"first",1619288.27741627,"activity",1540088.42148913
"202",26,"C_999",2026-04-01,"fups",3635673.08077947,"activity",3457851.26349604
"203",26,"C_999",2026-04-01,"ncl",653540.151734904,"activity",621575.314724786
"204",26,"C_999",2026-04-01,"cl",3595358.85443426,"activity",3419508.81756997
"205",26,"C_999",2026-04-01,"proc",1006062.35202657,"activity",956855.552690411
"206",26,"C_999",2026-04-01,"non_proc",4248899.00616916,"activity",4041084.13229476
"207",26,"C_999",2026-04-01,"dc",241796.440772015,"activity",229970.107227876
"208",26,"C_999",2026-04-01,"ord",54105.3862877652,"activity",51459.0762646293
"209",27,"C_999",2026-05-01,"first",1625756.3634108,"activity",1543260.75147848
"210",27,"C_999",2026-05-01,"fups",3650195.41535228,"activity",3464973.87094431
"211",27,"C_999",2026-05-01,"ncl",656150.652879916,"activity",622855.658102495
"212",27,"C_999",2026-05-01,"cl",3609720.15783898,"activity",3426552.44585745
"213",27,"C_999",2026-05-01,"proc",1010080.96804419,"activity",958826.518462843
"214",27,"C_999",2026-05-01,"non_proc",4265870.81071889,"activity",4049408.10395995
"215",27,"C_999",2026-05-01,"dc",242762.272609309,"activity",230443.807995724
"216",27,"C_999",2026-05-01,"ord",54321.5048727987,"activity",51565.0735363318
"217",28,"C_999",2026-06-01,"first",1632250.28553162,"activity",1546439.6159482
"218",28,"C_999",2026-06-01,"fups",3664775.75794638,"activity",3472111.14979774
"219",28,"C_999",2026-06-01,"ncl",658771.581412151,"activity",624138.638777931
"220",28,"C_999",2026-06-01,"cl",3624138.82604199,"activity",3433610.58286595
"221",28,"C_999",2026-06-01,"proc",1014115.63602386,"activity",960801.54410206
"222",28,"C_999",2026-06-01,"non_proc",4282910.40745414,"activity",4057749.22164388
"223",28,"C_999",2026-06-01,"dc",243731.962365829,"activity",230918.484509594
"224",28,"C_999",2026-06-01,"ord",54538.4867220283,"activity",51671.289145059
"225",29,"C_999",2026-07-01,"first",1638770.14697856,"activity",1549625.02835825
"226",29,"C_999",2026-07-01,"fups",3679414.34026904,"activity",3479263.13027702
"227",29,"C_999",2026-07-01,"ncl",661402.978982771,"activity",625424.262183496
"228",29,"C_999",2026-07-01,"cl",3638615.08818127,"activity",3440683.25848105
"229",29,"C_999",2026-07-01,"proc",1018166.42008355,"activity",962780.637970722
"230",29,"C_999",2026-07-01,"non_proc",4300018.06716405,"activity",4066107.52066455
"231",29,"C_999",2026-07-01,"dc",244705.525451652,"activity",231394.138779364
"232",29,"C_999",2026-07-01,"ord",54756.3352836769,"activity",51777.7235405495
"233",30,"C_999",2026-08-01,"first",1645316.05136369,"activity",1552817.00219632
"234",30,"C_999",2026-08-01,"fups",3694111.39495305,"activity",3486429.84266509
"235",30,"C_999",2026-08-01,"ncl",664044.887409308,"activity",626712.533762782
"236",30,"C_999",2026-08-01,"cl",3653149.17431009,"activity",3447770.50264991
"237",30,"C_999",2026-08-01,"proc",1022233.38459734,"activity",964763.808448716
"238",30,"C_999",2026-08-01,"non_proc",4317194.0617194,"activity",4074483.03641269
"239",30,"C_999",2026-08-01,"dc",245682.977338405,"activity",231870.772819051
"240",30,"C_999",2026-08-01,"ord",54975.0540197411,"activity",51884.3771734682
"241",31,"C_999",2026-09-01,"first",1651888.10271293,"activity",1556015.55097787
"242",31,"C_999",2026-09-01,"fups",3708867.15556045,"activity",3493611.31730727
"243",31,"C_999",2026-09-01,"ncl",666697.348676331,"activity",628003.458970591
"244",31,"C_999",2026-09-01,"cl",3667741.31540061,"activity",3454872.34538136
"245",31,"C_999",2026-09-01,"proc",1026316.59419644,"activity",966751.063933191
"246",31,"C_999",2026-09-01,"non_proc",4334438.66407694,"activity",4082875.80435195
"247",31,"C_999",2026-09-01,"dc",246664.333559518,"activity",232348.38864682
"248",31,"C_999",2026-09-01,"ord",55194.6464060462,"activity",51991.2504954083
"249",32,"C_999",2026-10-01,"first",1658486.40546773,"activity",1559220.68824621
"250",32,"C_999",2026-10-01,"fups",3723681.85658622,"activity",3500807.5846114
"251",32,"C_999",2026-10-01,"ncl",669360.404936112,"activity",629297.043272966
"252",32,"C_999",2026-10-01,"cl",3682391.74334761,"activity",3461988.81674605
"253",32,"C_999",2026-10-01,"proc",1030416.11377023,"activity",968742.412838589
"254",32,"C_999",2026-10-01,"non_proc",4351752.14828372,"activity",4091285.86001902
"255",32,"C_999",2026-10-01,"dc",247649.609710465,"activity",232826.988284994
"256",32,"C_999",2026-10-01,"ord",55415.115932301,"activity",52098.3439588933
"257",33,"C_999",2026-11-01,"first",1665111.06448671,"activity",1562432.42757255
"258",33,"C_999",2026-11-01,"fups",3738555.73346199,"activity",3508018.67504792
"259",33,"C_999",2026-11-01,"ncl",672034.098509296,"activity",630593.292147204
"260",33,"C_999",2026-11-01,"cl",3697100.69097213,"activity",3469119.94687658
"261",33,"C_999",2026-11-01,"proc",1034532.00846728,"activity",970737.863596689
"262",33,"C_999",2026-11-01,"non_proc",4369134.78948142,"activity",4099713.23902378
"263",33,"C_999",2026-11-01,"dc",248638.821449016,"activity",233306.573760062
"264",33,"C_999",2026-11-01,"ord",55636.466102154,"activity",52205.6580173785
"265",34,"C_999",2026-12-01,"first",1671762.18504736,"activity",1565650.78255605
"266",34,"C_999",2026-12-01,"fups",3753489.02255982,"activity",3515244.61915007
"267",34,"C_999",2026-12-01,"ncl",674718.471885573,"activity",631892.211081888
"268",34,"C_999",2026-12-01,"cl",3711868.39202521,"activity",3476265.76596759
"269",34,"C_999",2026-12-01,"proc",1038664.34369639,"activity",972737.424656635
"270",34,"C_999",2026-12-01,"non_proc",4386586.86391078,"activity",4108157.97704948
"271",34,"C_999",2026-12-01,"dc",249631.984495485,"activity",233787.147102686
"272",34,"C_999",2026-12-01,"ord",55858.7004332483,"activity",52313.1931252537
"273",35,"C_999",2027-01-01,"first",1678439.87284767,"activity",1568875.76682386
"274",35,"C_999",2027-01-01,"fups",3768481.9611959,"activity",3522485.44751396
"275",35,"C_999",2027-01-01,"ncl",677413.567724356,"activity",633193.805576906
"276",35,"C_999",2027-01-01,"cl",3726695.08119158,"activity",3483426.30427594
"277",35,"C_999",2027-01-01,"proc",1042813.18512764,"activity",974741.104484977
"278",35,"C_999",2027-01-01,"non_proc",4404108.64891594,"activity",4116620.10985285
"279",35,"C_999",2027-01-01,"dc",250629.114632979,"activity",234268.710347711
"280",35,"C_999",2027-01-01,"ord",56081.8224572781,"activity",52420.9497378444
"281",36,"C_999",2027-02-01,"first",1685144.23400784,"activity",1572107.39403124
"282",36,"C_999",2027-02-01,"fups",3783534.78763441,"activity",3529741.19079874
"283",36,"C_999",2027-02-01,"ncl",680119.428855453,"activity",634498.081143473
"284",36,"C_999",2027-02-01,"cl",3741580.99409339,"activity",3490601.59212081
"285",36,"C_999",2027-02-01,"proc",1046978.59869341,"activity",976748.911565701
"286",36,"C_999",2027-02-01,"non_proc",4421700.42294884,"activity",4125099.67326429
"287",36,"C_999",2027-02-01,"dc",251630.227707648,"activity",234751.265534175
"288",36,"C_999",2027-02-01,"ord",56305.8357200446,"activity",52528.928311414
"289",37,"C_999",2027-03-01,"first",1691875.37507195,"activity",1575345.67786156
"290",37,"C_999",2027-03-01,"fups",3798647.74109119,"activity",3537011.87972671
"291",37,"C_999",2027-03-01,"ncl",682836.098279755,"activity",635805.043304158
"292",37,"C_999",2027-03-01,"cl",3756526.36729396,"activity",3497791.65988383
"293",37,"C_999",2027-03-01,"proc",1051160.65058943,"activity",978760.854400274
"294",37,"C_999",2027-03-01,"non_proc",4439362.46557371,"activity",4133596.70318799
"295",37,"C_999",2027-03-01,"dc",252635.339628938,"activity",235234.814705313
"296",37,"C_999",2027-03-01,"ord",56530.7437815124,"activity",52637.1293031659
"297",38,"C_999",2027-04-01,"first",1698633.40300967,"activity",1578590.63202636
"298",38,"C_999",2027-04-01,"fups",3813821.06173766,"activity",3544297.54508343
"299",38,"C_999",2027-04-01,"ncl",685563.619169914,"activity",637114.697592905
"300",38,"C_999",2027-04-01,"cl",3771531.43830154,"activity",3504996.53800922
"301",38,"C_999",2027-04-01,"proc",1055359.40727588,"activity",980776.94150767
"302",38,"C_999",2027-04-01,"non_proc",4457095.05747145,"activity",4142111.23560212
"303",38,"C_999",2027-04-01,"dc",253644.466369844,"activity",235719.359908573
"304",38,"C_999",2027-04-01,"ord",56756.5502158657,"activity",52745.5531712449
"305",39,"C_999",2027-05-01,"first",1705418.42521793,"activity",1581842.27026544
"306",39,"C_999",2027-05-01,"fups",3829054.99070455,"activity",3551598.21771791
"307",39,"C_999",2027-05-01,"ncl",688302.034871032,"activity",638427.049555057
"308",39,"C_999",2027-05-01,"cl",3786596.44557309,"activity",3512216.25700388
"309",39,"C_999",2027-05-01,"proc",1059574.93547836,"activity",982797.181424413
"310",39,"C_999",2027-05-01,"non_proc",4474898.48044412,"activity",4150643.30655894
"311",39,"C_999",2027-05-01,"dc",254657.623967165,"activity",236204.903195617
"312",39,"C_999",2027-05-01,"ord",56983.2586115659,"activity",52854.20037474
"313",40,"C_999",2027-06-01,"first",1712230.54952267,"activity",1585100.6063469
"314",40,"C_999",2027-06-01,"fups",3844349.77008576,"activity",3558913.92854268
"315",40,"C_999",2027-06-01,"ncl",691051.388901346,"activity",639742.104747379
"316",40,"C_999",2027-06-01,"cl",3801721.62851804,"activity",3519450.84743759
"317",40,"C_999",2027-06-01,"proc",1063807.30218903,"activity",984821.58270461
"318",40,"C_999",2027-06-01,"non_proc",4492773.01741939,"activity",4159192.95218497
"319",40,"C_999",2027-06-01,"dc",255674.828521755,"activity",236691.446622334
"320",40,"C_999",2027-06-01,"ord",57210.8725714077,"activity",52963.0713736854
"321",41,"C_999",2027-07-01,"first",1719069.88418051,"activity",1588365.6540672
"322",41,"C_999",2027-07-01,"fups",3859705.64294222,"activity",3566244.70853394
"323",41,"C_999",2027-07-01,"ncl",693811.724952927,"activity",641059.868738083
"324",41,"C_999",2027-07-01,"cl",3816907.22750216,"activity",3526700.33994307
"325",41,"C_999",2027-07-01,"proc",1068056.57466765,"activity",986850.153919989
"326",41,"C_999",2027-07-01,"non_proc",4510718.95245509,"activity",4167760.20868115
"327",41,"C_999",2027-07-01,"dc",256696.096198783,"activity",237178.992248848
"328",41,"C_999",2027-07-01,"ord",57439.3957125771,"activity",53072.1666290632
"329",42,"C_999",2027-08-01,"first",1725936.53788051,"activity",1591637.42725122
"330",42,"C_999",2027-08-01,"fups",3875122.85330575,"activity",3573590.58873171
"331",42,"C_999",2027-08-01,"ncl",696583.086892364,"activity",642380.34710685
"332",42,"C_999",2027-08-01,"cl",3832153.48385129,"activity",3533964.76521615
"333",42,"C_999",2027-08-01,"proc",1072322.82044261,"activity",988882.903659933
"334",42,"C_999",2027-08-01,"non_proc",4528736.57074365,"activity",4176345.112323
"335",42,"C_999",2027-08-01,"dc",257721.443227987,"activity",237667.542139527
"336",42,"C_999",2027-08-01,"ord",57668.8316667085,"activity",53181.4866028049
"337",43,"C_999",2027-09-01,"first",1732830.61974586,"activity",1594915.93975232
"338",43,"C_999",2027-09-01,"fups",3890601.64618291,"activity",3580951.60023995
"339",43,"C_999",2027-09-01,"ncl",699365.518761471,"activity",643703.545444855
"340",43,"C_999",2027-09-01,"cl",3847460.63985524,"activity",3541244.15401589
"341",43,"C_999",2027-09-01,"proc",1076606.10731206,"activity",990919.840531519
"342",43,"C_999",2027-09-01,"non_proc",4546826.15861671,"activity",4184947.69946075
"343",43,"C_999",2027-09-01,"dc",258750.885903934,"activity",238157.09836299
"344",43,"C_999",2027-09-01,"ord",57899.1840799424,"activity",53291.0317577935
"345",44,"C_999",2027-10-01,"first",1739752.23933565,"activity",1598201.20545237
"346",44,"C_999",2027-10-01,"fups",3906142.26755894,"activity",3588327.77422667
"347",44,"C_999",2027-10-01,"ncl",702159.064777981,"activity",645029.469354789
"348",44,"C_999",2027-10-01,"cl",3862828.93877164,"activity",3548538.5371647
"349",44,"C_999",2027-10-01,"proc",1080906.50334497,"activity",992960.973159553
"350",44,"C_999",2027-10-01,"non_proc",4564988.00354962,"activity",4193568.00651949
"351",44,"C_999",2027-10-01,"dc",259784.440586277,"activity",238647.662992119
"352",44,"C_999",2027-10-01,"ord",58130.4566129838,"activity",53400.8025578655
"353",45,"C_999",2027-11-01,"first",1746701.50664656,"activity",1601493.23826186
"354",45,"C_999",2027-11-01,"fups",3921744.96440163,"activity",3595719.14192411
"355",45,"C_999",2027-11-01,"ncl",704963.769336252,"activity",646358.124450883
"356",45,"C_999",2027-11-01,"cl",3878258.62482976,"activity",3555847.94554849
"357",45,"C_999",2027-11-01,"proc",1085224.07688218,"activity",995006.310186605
"358",45,"C_999",2027-11-01,"non_proc",4583222.39416602,"activity",4202206.06999937
"359",45,"C_999",2027-11-01,"dc",260822.123700018,"activity",239139.238104063
"360",45,"C_999",2027-11-01,"ord",58362.6529411595,"activity",53510.7994678129
"361",46,"C_999",2027-12-01,"first",1753678.53211468,"activity",1604792.05211994
"362",46,"C_999",2027-12-01,"fups",3937409.98466525,"activity",3603125.73462881
"363",46,"C_999",2027-12-01,"ncl",707779.677007967,"activity",647689.516358935
"364",46,"C_999",2027-12-01,"cl",3893749.94323445,"activity",3563172.41011677
"365",46,"C_999",2027-12-01,"proc",1089558.89653752,"activity",997055.86027305
"366",46,"C_999",2027-12-01,"non_proc",4601529.62024241,"activity",4210861.92647571
"367",46,"C_999",2027-12-01,"dc",261863.951735764,"activity",239631.825780253
"368",46,"C_999",2027-12-01,"ord",58595.7767544774,"activity",53621.022953385
"369",47,"C_999",2028-01-01,"first",1760683.42661721,"activity",1608097.66099446
"370",47,"C_999",2028-01-01,"fups",3953137.5772945,"activity",3610547.58370181
"371",47,"C_999",2028-01-01,"ncl",710606.832542849,"activity",649023.650716328
"372",47,"C_999",2028-01-01,"cl",3909303.14016997,"activity",3570511.96188284
"373",47,"C_999",2028-01-01,"proc",1093911.0311989,"activity",999109.6320971
"374",47,"C_999",2028-01-01,"non_proc",4619909.97271282,"activity",4219535.61259916
"375",47,"C_999",2028-01-01,"dc",262909.941249995,"activity",240125.428106403
"376",47,"C_999",2028-01-01,"ord",58829.8317576848,"activity",53731.4734812905
"377",48,"C_999",2028-02-01,"first",1767716.30147423,"activity",1611410.07888202
"378",48,"C_999",2028-02-01,"fups",3968927.99222849,"activity",3617984.72056871
"379",48,"C_999",2028-02-01,"ncl",713445.28086937,"activity",650360.533172059
"380",48,"C_999",2028-02-01,"cl",3924918.46280396,"activity",3577866.63192383
"381",48,"C_999",2028-02-01,"proc",1098280.55002939,"activity",1001167.63435484
"382",48,"C_999",2028-02-01,"non_proc",4638363.74367333,"activity",4228227.16509589
"383",48,"C_999",2028-02-01,"dc",263960.108865322,"activity",240620.047172529
"384",48,"C_999",2028-02-01,"ord",59064.8216703269,"activity",53842.1515191993
"385",49,"C_999",2028-03-01,"first",1774777.26845048,"activity",1614729.31980809
"386",49,"C_999",2028-03-01,"fups",3984781.48040466,"activity",3625437.17671987
"387",49,"C_999",2028-03-01,"ncl",716295.067095463,"activity",651700.169386761
"388",49,"C_999",2028-03-01,"cl",3940596.15929136,"activity",3585236.45138093
"389",49,"C_999",2028-03-01,"proc",1102667.52246832,"activity",1003229.87576028
"390",49,"C_999",2028-03-01,"non_proc",4656891.22638683,"activity",4236936.62076769
"391",49,"C_999",2028-03-01,"dc",265014.471270756,"activity",241115.685072946
"392",49,"C_999",2028-03-01,"ord",59300.7502268065,"activity",53953.0575357449
"393",50,"C_999",2028-04-01,"first",1781866.43975714,"activity",1618055.39782701
"394",50,"C_999",2028-04-01,"fups",4000698.29376281,"activity",3632904.98371052
"395",50,"C_999",2028-04-01,"ncl",719156.23650924,"activity",653042.565032727
"396",50,"C_999",2028-04-01,"cl",3956336.47877832,"activity",3592621.45145944
"397",50,"C_999",2028-04-01,"proc",1107072.01823239,"activity",1005296.36504536
"398",50,"C_999",2028-04-01,"non_proc",4675492.71528756,"activity",4245664.01649217
"399",50,"C_999",2028-04-01,"dc",266073.045221967,"activity",241612.343906287
"400",50,"C_999",2028-04-01,"ord",59537.6211764432,"activity",54064.192000526
"401",51,"C_999",2028-05-01,"first",1788983.92805361,"activity",1621388.32702207
"402",51,"C_999",2028-05-01,"fups",4016678.68524907,"activity",3640388.17316086
"403",51,"C_999",2028-05-01,"ncl",722028.834579712,"activity",654387.725793932
"404",51,"C_999",2028-05-01,"cl",3972139.67140617,"activity",3600021.66342897
"405",51,"C_999",2028-05-01,"proc",1111494.1073168,"activity",1007367.11096002
"406",51,"C_999",2028-05-01,"non_proc",4694168.50598588,"activity",4254409.38922291
"407",51,"C_999",2028-05-01,"dc",267135.847541556,"activity",242110.025775507
"408",51,"C_999",2028-05-01,"ord",59775.4382835326,"activity",54175.5553841084
"409",52,"C_999",2028-06-01,"first",1796129.84644928,"activity",1624728.12150557
"410",52,"C_999",2028-06-01,"fups",4032722.90881996,"activity",3647886.77675624
"411",52,"C_999",2028-06-01,"ncl",724912.906957512,"activity",655735.657366062
"412",52,"C_999",2028-06-01,"cl",3988005.98831543,"activity",3607437.11862352
"413",52,"C_999",2028-06-01,"proc",1115933.8599963,"activity",1009442.12227222
"414",52,"C_999",2028-06-01,"non_proc",4712918.89527294,"activity",4263172.77598959
"415",52,"C_999",2028-06-01,"dc",268202.895119321,"activity",242608.732787892
"416",52,"C_999",2028-06-01,"ord",60014.2053274067,"activity",54287.1481580275
"417",53,"C_999",2028-07-01,"first",1803304.30850536,"activity",1628074.79541888
"418",53,"C_999",2028-07-01,"fups",4048831.21944639,"activity",3655400.82624728
"419",53,"C_999",2028-07-01,"ncl",727808.49947562,"activity",657086.365456534
"420",53,"C_999",2028-07-01,"cl",4003935.68164976,"activity",3614867.84844164
"421",53,"C_999",2028-07-01,"proc",1120391.34682636,"activity",1011521.40776799
"422",53,"C_999",2028-07-01,"non_proc",4731744.18112539,"activity",4271954.21389818
"423",53,"C_999",2028-07-01,"dc",269274.204912523,"activity",243108.467055069
"424",53,"C_999",2028-07-01,"ord",60253.9261024934,"activity",54398.9707947897
"425",54,"C_999",2028-08-01,"first",1810507.42823666,"activity",1631428.3629325
"426",54,"C_999",2028-08-01,"fups",4065003.87311773,"activity",3662930.35345
"427",54,"C_999",2028-08-01,"ncl",730715.65815009,"activity",658439.855784521
"428",54,"C_999",2028-08-01,"cl",4019929.00456,"activity",3622313.88434655
"429",54,"C_999",2028-08-01,"proc",1124866.6386443,"activity",1013604.97625143
"430",54,"C_999",2028-08-01,"non_proc",4750644.66271009,"activity",4280753.74013107
"431",54,"C_999",2028-08-01,"dc",270349.793946158,"activity",243609.230693015
"432",54,"C_999",2028-08-01,"ord",60494.6044183772,"activity",54511.0237678749
"433",55,"C_999",2028-09-01,"first",1817739.32011341,"activity",1634788.83824612
"434",55,"C_999",2028-09-01,"fups",4081241.12684588,"activity",3670475.39024594
"435",55,"C_999",2028-09-01,"ncl",733634.429180783,"activity",659796.134080976
"436",55,"C_999",2028-09-01,"cl",4035986.21120815,"activity",3629775.25786628
"437",55,"C_999",2028-09-01,"proc",1129359.80657036,"activity",1015692.83654481
"438",55,"C_999",2028-09-01,"non_proc",4769620.64038893,"activity",4289571.39194726
"439",55,"C_999",2028-09-01,"dc",271429.679313227,"activity",244111.025822065
"440",55,"C_999",2028-09-01,"ord",60736.2440998596,"activity",54623.3075517382
"441",56,"C_999",2028-10-01,"first",1825000.09906309,"activity",1638156.23558867
"442",56,"C_999",2028-10-01,"fups",4097543.23866933,"activity",3678035.96858234
"443",56,"C_999",2028-10-01,"ncl",736564.858952103,"activity",661155.206088658
"444",56,"C_999",2028-10-01,"cl",4052107.55677145,"activity",3637252.00059381
"445",56,"C_999",2028-10-01,"proc",1133870.92200887,"activity",1017784.99748854
"446",56,"C_999",2028-10-01,"non_proc",4788672.41572355,"activity",4298407.20668247
"447",56,"C_999",2028-10-01,"dc",272513.878175005,"activity",244613.854566922
"448",56,"C_999",2028-10-01,"ord",60978.84898702,"activity",54735.8226218121
"449",57,"C_999",2028-11-01,"first",1832289.88047224,"activity",1641530.56921841
"450",57,"C_999",2028-11-01,"fups",4113910.46765731,"activity",3685612.12047221
"451",57,"C_999",2028-11-01,"ncl",739506.994033728,"activity",662517.077562154
"452",57,"C_999",2028-11-01,"cl",4068293.29744642,"activity",3644744.14418719
"453",57,"C_999",2028-11-01,"proc",1138400.0566494,"activity",1019881.46794127
"454",57,"C_999",2028-11-01,"non_proc",4807800.29148015,"activity",4307261.22174935
"455",57,"C_999",2028-11-01,"dc",273602.407761319,"activity",245117.719056665
"456",57,"C_999",2028-11-01,"ord",61222.4229352763,"activity",54848.5694545082
"457",58,"C_999",2028-12-01,"first",1839608.7801883,"activity",1644911.85342294
"458",58,"C_999",2028-12-01,"fups",4130343.07391384,"activity",3693203.87799453
"459",58,"C_999",2028-12-01,"ncl",742460.881181357,"activity",663881.754267907
"460",58,"C_999",2028-12-01,"cl",4084543.69045293,"activity",3652251.72036969
"461",58,"C_999",2028-12-01,"proc",1142947.28246786,"activity",1021982.25677987
"462",58,"C_999",2028-12-01,"non_proc",4827004.57163429,"activity",4316133.4746376
"463",58,"C_999",2028-12-01,"dc",274695.285370817,"activity",245622.621424759
"464",58,"C_999",2028-12-01,"ord",61466.9698154468,"activity",54961.5485272196
"465",59,"C_999",2029-01-01,"first",1846956.91452145,"activity",1648300.10251932
"466",59,"C_999",2029-01-01,"fups",4146841.31858194,"activity",3700811.27329435
"467",59,"C_999",2029-01-01,"ncl",745426.567337449,"activity",665249.241984235
"468",59,"C_999",2029-01-01,"cl",4100858.9940383,"activity",3659774.7609299
"469",59,"C_999",2029-01-01,"proc",1147512.67172764,"activity",1024087.37289953
"470",59,"C_999",2029-01-01,"non_proc",4846285.56137575,"activity",4325024.00291414
"471",59,"C_999",2029-01-01,"dc",275792.528371245,"activity",246128.563809063
"472",59,"C_999",2029-01-01,"ord",61712.4935138113,"activity",55074.7603183226
"473",60,"C_999",2029-02-01,"first",1854334.40024647,"activity",1651695.33085407
"474",60,"C_999",2029-02-01,"fups",4163405.46384769,"activity",3708434.33858292
"475",60,"C_999",2029-02-01,"ncl",748404.09963197,"activity",666619.54650136
"476",60,"C_999",2029-02-01,"cl",4117239.46748136,"activity",3667313.29772192
"477",60,"C_999",2029-02-01,"proc",1152096.29698083,"activity",1026196.82521371
"478",60,"C_999",2029-02-01,"non_proc",4865643.56711333,"activity",4333932.84422328
"479",60,"C_999",2029-02-01,"dc",276894.154199723,"activity",246635.548351841
"480",60,"C_999",2029-02-01,"ord",61958.9979321729,"activity",55188.2053071792
"481",60,"C_999",2029-02-01,"first",1727996.65224075,"activity",1651695.33085407
"482",60,"C_999",2029-02-01,"fups",3879748.28191367,"activity",3708434.33858292
"483",60,"C_999",2029-02-01,"ncl",697414.543199655,"activity",666619.54650136
"484",60,"C_999",2029-02-01,"cl",3836727.6233109,"activity",3667313.29772192
"485",60,"C_999",2029-02-01,"proc",1073602.76764386,"activity",1026196.82521371
"486",60,"C_999",2029-02-01,"non_proc",4534142.16651056,"activity",4333932.84422328
"487",60,"C_999",2029-02-01,"dc",258029.064994189,"activity",246635.548351841
"488",60,"C_999",2029-02-01,"ord",57737.6664040509,"activity",55188.2053071792
"489",61,"C_999",2029-03-01,"first",1730850.57920137,"activity",1655097.55280329
"490",61,"C_999",2029-03-01,"fups",3886156.00163224,"activity",3716073.10613786
"491",61,"C_999",2029-03-01,"ncl",698566.380018891,"activity",667992.673621429
"492",61,"C_999",2029-03-01,"cl",3843064.29091412,"activity",3674867.36266544
"493",61,"C_999",2029-03-01,"proc",1075375.90990059,"activity",1028310.62265428
"494",61,"C_999",2029-03-01,"non_proc",4541630.67093301,"activity",4342860.03628687
"495",61,"C_999",2029-03-01,"dc",258455.220973285,"activity",247143.577199769
"496",61,"C_999",2029-03-01,"ord",57833.0248543003,"activity",55301.8839741385
"497",62,"C_999",2029-04-01,"first",1733709.2196544,"activity",1658506.78277269
"498",62,"C_999",2029-04-01,"fups",3892574.30422088,"activity",3723727.60830327
"499",62,"C_999",2029-04-01,"ncl",699720.11919028,"activity",669368.629158544
"500",62,"C_999",2029-04-01,"cl",3849411.42403907,"activity",3682436.98774592
"501",62,"C_999",2029-04-01,"proc",1077151.98064592,"activity",1030428.77417149
"502",62,"C_999",2029-04-01,"non_proc",4549131.54322936,"activity",4351805.61690447
"503",62,"C_999",2029-04-01,"dc",258882.080783628,"activity",247652.652503944
"504",62,"C_999",2029-04-01,"ord",57928.5407967832,"activity",55415.796800539
"505",63,"C_999",2029-05-01,"first",1736572.58138454,"activity",1661923.03519762
"506",63,"C_999",2029-05-01,"fups",3899003.20715807,"activity",3731397.87748987
"507",63,"C_999",2029-05-01,"ncl",700875.763855712,"activity",670747.41893878
"508",63,"C_999",2029-05-01,"cl",3855769.03997042,"activity",3690022.20501469
"509",63,"C_999",2029-05-01,"proc",1078930.98471648,"activity",1032551.28873402
"510",63,"C_999",2029-05-01,"non_proc",4556644.80382613,"activity",4360769.62395347
"511",63,"C_999",2029-05-01,"dc",259309.645587653,"activity",248162.776419894
"512",63,"C_999",2029-05-01,"ord",58024.2144916106,"activity",55529.944268711
"513",64,"C_999",2029-06-01,"first",1739440.67218939,"activity",1665346.32454321
"514",64,"C_999",2029-06-01,"fups",3905442.72795114,"activity",3739083.94617514
"515",64,"C_999",2029-06-01,"ncl",702033.317162265,"activity",672129.048800213
"516",64,"C_999",2029-06-01,"cl",3862137.15602135,"activity",3697623.04658911
"517",64,"C_999",2029-06-01,"proc",1080712.9269569,"activity",1034678.17532903
"518",64,"C_999",2029-06-01,"non_proc",4564170.47318362,"activity",4369752.09538932
"519",64,"C_999",2029-06-01,"dc",259737.916549713,"activity",248673.951107589
"520",64,"C_999",2029-06-01,"ord",58120.0461993236,"activity",55644.3268619781
"521",65,"C_999",2029-07-01,"first",1742313.49987937,"activity",1668776.66530435
"522",65,"C_999",2029-07-01,"fups",3911892.88413634,"activity",3746785.84690346
"523",65,"C_999",2029-07-01,"ncl",703192.782262216,"activity",673513.524592947
"524",65,"C_999",2029-07-01,"cl",3868515.78953369,"activity",3705239.54465268
"525",65,"C_999",2029-07-01,"proc",1082497.81221981,"activity",1036809.44296219
"526",65,"C_999",2029-07-01,"non_proc",4571708.57179591,"activity",4378753.06924563
"527",65,"C_999",2029-07-01,"dc",260166.894836086,"activity",249186.178731445
"528",65,"C_999",2029-07-01,"ord",58216.0361808931,"activity",55758.9450646594
"529",66,"C_999",2029-08-01,"first",1745191.07227786,"activity",1672214.07200581
"530",66,"C_999",2029-08-01,"fups",3918353.6932789,"activity",3754503.61228624
"531",66,"C_999",2029-08-01,"ncl",704354.162313045,"activity",674900.852179133
"532",66,"C_999",2029-08-01,"cl",3874904.95787787,"activity",3712871.73145521
"533",66,"C_999",2029-08-01,"proc",1084285.64536584,"activity",1038945.10065771
"534",66,"C_999",2029-08-01,"non_proc",4579259.12019091,"activity",4387772.58363434
"535",66,"C_999",2029-08-01,"dc",260596.581614976,"activity",249699.46146034
"536",66,"C_999",2029-08-01,"ord",58312.1846977214,"activity",55873.7993620717
"537",67,"C_999",2029-09-01,"first",1748073.39722111,"activity",1675658.55920227
"538",67,"C_999",2029-09-01,"fups",3924825.17297302,"activity",3762237.27500209
"539",67,"C_999",2029-09-01,"ncl",705517.460477451,"activity",676291.037432999
"540",67,"C_999",2029-09-01,"cl",3881304.67845302,"activity",3720519.63931293
"541",67,"C_999",2029-09-01,"proc",1086076.43126367,"activity",1041085.15745842
"542",67,"C_999",2029-09-01,"non_proc",4586822.13893047,"activity",4396810.67674593
"543",67,"C_999",2029-09-01,"dc",261026.978056516,"activity",250213.801467616
"544",67,"C_999",2029-09-01,"ord",58408.4920116423,"activity",55988.8902405316
"545",68,"C_999",2029-10-01,"first",1750960.48255834,"activity",1679110.14147839
"546",68,"C_999",2029-10-01,"fups",3931307.34084201,"activity",3769986.86779689
"547",68,"C_999",2029-10-01,"ncl",706682.679923354,"activity",677684.086240873
"548",68,"C_999",2029-10-01,"cl",3887714.968687,"activity",3728183.30060865
"549",68,"C_999",2029-10-01,"proc",1087870.17479,"activity",1043229.62242575
"550",68,"C_999",2029-10-01,"non_proc",4594397.64861036,"activity",4405867.38684953
"551",68,"C_999",2029-10-01,"dc",261458.08533277,"activity",250729.200931094
"552",68,"C_999",2029-10-01,"ord",58504.9583849221,"activity",56104.2181873573
"553",69,"C_999",2029-11-01,"first",1753852.33615174,"activity",1682568.83344887
"554",69,"C_999",2029-11-01,"fups",3937800.21453825,"activity",3777752.42348401
"555",69,"C_999",2029-11-01,"ncl",707849.823823906,"activity",679080.004501207
"556",69,"C_999",2029-11-01,"cl",3894135.84603648,"activity",3735862.74779187
"557",69,"C_999",2029-11-01,"proc",1089666.8808296,"activity",1045378.5046398
"558",69,"C_999",2029-11-01,"non_proc",4601985.66986039,"activity",4414942.75229308
"559",69,"C_999",2029-11-01,"dc",261889.904617742,"activity",251245.662033081
"560",69,"C_999",2029-11-01,"ord",58601.5840802602,"activity",56219.7836908708
"561",70,"C_999",2029-12-01,"first",1756748.96587646,"activity",1686034.64975851
"562",70,"C_999",2029-12-01,"fups",3944303.81174328,"activity",3785533.97494439
"563",70,"C_999",2029-12-01,"ncl",709018.895357501,"activity",680478.798124604
"564",70,"C_999",2029-12-01,"cl",3900567.32798693,"activity",3743558.01337892
"565",70,"C_999",2029-12-01,"proc",1091466.5542753,"activity",1047531.81319937
"566",70,"C_999",2029-12-01,"non_proc",4609586.22334444,"activity",4424036.81150353
"567",70,"C_999",2029-12-01,"dc",262322.43708737,"activity",251763.186960377
"568",70,"C_999",2029-12-01,"ord",58698.3693607901,"activity",56335.5872404
"569",71,"C_999",2030-01-01,"first",1759650.37962067,"activity",1689507.6050823
"570",71,"C_999",2030-01-01,"fups",3950818.15016785,"activity",3793331.5551267
"571",71,"C_999",2030-01-01,"ncl",710189.897707782,"activity",681880.47303384
"572",71,"C_999",2030-01-01,"cl",3907009.43205272,"activity",3751269.12995314
"573",71,"C_999",2030-01-01,"proc",1093269.20002801,"activity",1049689.55722201
"574",71,"C_999",2030-01-01,"non_proc",4617199.3297605,"activity",4433149.60298698
"575",71,"C_999",2030-01-01,"dc",262755.683919538,"activity",252281.777904289
"576",71,"C_999",2030-01-01,"ord",58795.3144900796,"activity",56451.6293262806
"577",72,"C_999",2030-02-01,"first",1762556.58528556,"activity",1692987.71412542
"578",72,"C_999",2030-02-01,"fups",3957343.24755195,"activity",3801145.19704749
"579",72,"C_999",2030-02-01,"ncl",711362.834063648,"activity",683285.035163893
"580",72,"C_999",2030-02-01,"cl",3913462.17577712,"activity",3758996.13016496
"581",72,"C_999",2030-02-01,"proc",1095074.82299674,"activity",1051851.74584405
"582",72,"C_999",2030-02-01,"non_proc",4624825.00984077,"activity",4442281.16532886
"583",72,"C_999",2030-02-01,"dc",263189.646294073,"activity",252801.437060637
"584",72,"C_999",2030-02-01,"ord",58892.4197321319,"activity",56567.9104398586
"585",73,"C_999",2030-03-01,"first",1765467.5907854,"activity",1696474.99162337
"586",73,"C_999",2030-03-01,"fups",3963879.12166489,"activity",3808974.9337913
"587",73,"C_999",2030-03-01,"ncl",712537.707619269,"activity",684692.490461964
"588",73,"C_999",2030-03-01,"cl",3919925.57673241,"activity",3766739.04673207
"589",73,"C_999",2030-03-01,"proc",1096883.42809861,"activity",1054018.38822064
"590",73,"C_999",2030-03-01,"non_proc",4632463.28435168,"activity",4451431.53719404
"591",73,"C_999",2030-03-01,"dc",263624.325392751,"activity",253322.166629763
"592",73,"C_999",2030-03-01,"ord",58989.6853513864,"activity",56684.4310734919
"593",74,"C_999",2030-04-01,"first",1768383.40404748,"activity",1699969.452342
"594",74,"C_999",2030-04-01,"fups",3970425.7903053,"activity",3816820.79851085
"595",74,"C_999",2030-04-01,"ncl",713714.521574086,"activity",686102.844887506
"596",74,"C_999",2030-04-01,"cl",3926399.65251986,"activity",3774497.91243957
"597",74,"C_999",2030-04-01,"proc",1098695.02025884,"activity",1056189.49352578
"598",74,"C_999",2030-04-01,"non_proc",4640114.17409394,"activity",4460600.75732707
"599",74,"C_999",2030-04-01,"dc",264059.722399301,"activity",253843.968816542
"600",74,"C_999",2030-04-01,"ord",59087.1116127189,"activity",56801.1917205524
"601",75,"C_999",2030-05-01,"first",1771304.03301224,"activity",1703471.11107756
"602",75,"C_999",2030-05-01,"fups",3976983.27130123,"activity",3824682.82442711
"603",75,"C_999",2030-05-01,"ncl",714893.279132827,"activity",687516.104412248
"604",75,"C_999",2030-05-01,"cl",3932884.42076983,"activity",3782272.76014006
"605",75,"C_999",2030-05-01,"proc",1100509.60441081,"activity",1058365.07095237
"606",75,"C_999",2030-05-01,"non_proc",4647777.69990265,"activity",4469788.8645523
"607",75,"C_999",2030-05-01,"dc",264495.838499406,"activity",254366.845830391
"608",75,"C_999",2030-05-01,"ord",59184.6987814429,"activity",56918.1928754287
"609",76,"C_999",2030-06-01,"first",1774229.48563317,"activity",1706979.98265679
"610",76,"C_999",2030-06-01,"fups",3983551.58251016,"activity",3832561.04482951
"611",76,"C_999",2030-06-01,"ncl",716073.983505511,"activity",688932.275020217
"612",76,"C_999",2030-06-01,"cl",3939379.89914178,"activity",3790063.62275383
"613",76,"C_999",2030-06-01,"proc",1102327.18549604,"activity",1060545.12971225
"614",76,"C_999",2030-06-01,"non_proc",4655453.88264729,"activity",4478995.89777405
"615",76,"C_999",2030-06-01,"dc",264932.674880707,"activity",254890.799885278
"616",76,"C_999",2030-06-01,"ord",59282.4471233101,"activity",57035.4350335274
"617",77,"C_999",2030-07-01,"first",1777159.76987696,"activity",1710496.08193696
"618",77,"C_999",2030-07-01,"fups",3990130.74181907,"activity",3840455.49307604
"619",77,"C_999",2030-07-01,"ncl",717256.63790746,"activity",690351.362707769
"620",77,"C_999",2030-07-01,"cl",3945886.10532437,"activity",3797870.53326899
"621",77,"C_999",2030-07-01,"proc",1104147.76846421,"activity",1062729.67903624
"622",77,"C_999",2030-07-01,"non_proc",4663142.74323183,"activity",4488221.89597676
"623",77,"C_999",2030-07-01,"dc",265370.232732808,"activity",255415.833199731
"624",77,"C_999",2030-07-01,"ord",59380.356904511,"activity",57152.9186912758
"625",78,"C_999",2030-08-01,"first",1780094.89372342,"activity",1714019.42380596
"626",78,"C_999",2030-08-01,"fups",3996720.76714448,"activity",3848366.20259339
"627",78,"C_999",2030-08-01,"ncl",718441.245559306,"activity",691773.37348361
"628",78,"C_999",2030-08-01,"cl",3952403.05703543,"activity",3805693.52474158
"629",78,"C_999",2030-08-01,"proc",1105971.35827316,"activity",1064918.72817416
"630",78,"C_999",2030-08-01,"non_proc",4670844.30259473,"activity",4497466.8982252
"631",78,"C_999",2030-08-01,"dc",265808.513247276,"activity",255941.947996848
"632",78,"C_999",2030-08-01,"ord",59478.4283916759,"activity",57270.6443461234
"633",79,"C_999",2030-09-01,"first",1783034.86516553,"activity",1717550.02318233
"634",79,"C_999",2030-09-01,"fups",4003321.67643249,"activity",3856293.20687713
"635",79,"C_999",2030-09-01,"ncl",719627.809687,"activity",693198.313368823
"636",79,"C_999",2030-09-01,"cl",3958930.77202208,"activity",3813532.63029575
"637",79,"C_999",2030-09-01,"proc",1107797.95988894,"activity",1067112.28639488
"638",79,"C_999",2030-09-01,"non_proc",4678558.58170908,"activity",4506730.94366458
"639",79,"C_999",2030-09-01,"dc",266247.517617646,"activity",256469.146504306
"640",79,"C_999",2030-09-01,"ord",59576.6618518752,"activity",57388.6124965448
"641",80,"C_999",2030-10-01,"first",1785979.69220951,"activity",1721087.89501535
"642",80,"C_999",2030-10-01,"fups",4009933.48765885,"activity",3864236.53949181
"643",80,"C_999",2030-10-01,"ncl",720816.333521821,"activity",694626.188396894
"644",80,"C_999",2030-10-01,"cl",3965469.26806075,"activity",3821387.88312386
"645",80,"C_999",2030-10-01,"proc",1109627.5782858,"activity",1069310.36298639
"646",80,"C_999",2030-10-01,"non_proc",4686285.60158257,"activity",4516014.07152076
"647",80,"C_999",2030-10-01,"dc",266687.247039426,"activity",256997.430954371
"648",80,"C_999",2030-10-01,"ord",59675.0575526206,"activity",57506.8236420412
"649",81,"C_999",2030-11-01,"first",1788929.38287477,"activity",1724633.05428509
"650",81,"C_999",2030-11-01,"fups",4016556.21882902,"activity",3872196.2340711
"651",81,"C_999",2030-11-01,"ncl",722006.820300385,"activity",696057.004613737
"652",81,"C_999",2030-11-01,"cl",3972018.56295722,"activity",3829259.31648666
"653",81,"C_999",2030-11-01,"proc",1111460.21844619,"activity",1071512.96725579
"654",81,"C_999",2030-11-01,"non_proc",4694025.3832576,"activity",4525316.3211004
"655",81,"C_999",2030-11-01,"dc",267127.702710097,"activity",257526.803583908
"656",81,"C_999",2030-11-01,"ord",59773.6157618655,"activity",57625.2782831425
"657",82,"C_999",2030-12-01,"first",1791883.94519399,"activity",1728185.51600247
"658",82,"C_999",2030-12-01,"fups",4023189.88797815,"activity",3880172.32431799
"659",82,"C_999",2030-12-01,"ncl",723199.273264652,"activity",697490.768077718
"660",82,"C_999",2030-12-01,"cl",3978578.67454668,"activity",3837146.96371339
"661",82,"C_999",2030-12-01,"proc",1113295.8853608,"activity",1073720.10852935
"662",82,"C_999",2030-12-01,"non_proc",4701777.94781133,"activity",4534637.73179111
"663",82,"C_999",2030-12-01,"dc",267568.885829118,"activity",258057.266634386
"664",82,"C_999",2030-12-01,"ord",59872.3367480059,"activity",57743.9769214099
"665",83,"C_999",2031-01-01,"first",1794843.38721308,"activity",1731745.29520935
"666",83,"C_999",2031-01-01,"fups",4029834.5131712,"activity",3888164.84400486
"667",83,"C_999",2031-01-01,"ncl",724393.695661938,"activity",698927.484859685
"668",83,"C_999",2031-01-01,"cl",3985149.62069378,"activity",3845050.85820197
"669",83,"C_999",2031-01-01,"proc",1115134.58402857,"activity",1075931.79615256
"670",83,"C_999",2031-01-01,"non_proc",4709543.31635571,"activity",4543978.34306165
"671",83,"C_999",2031-01-01,"dc",268010.797597929,"activity",258588.822351896
"672",83,"C_999",2031-01-01,"ord",59971.2207798812,"activity",57862.9200594376
"673",84,"C_999",2031-02-01,"first",1797807.71699128,"activity",1735312.40697855
"674",84,"C_999",2031-02-01,"fups",4036490.11250299,"activity",3896173.82697367
"675",84,"C_999",2031-02-01,"ncl",725590.090744922,"activity",700367.161042989
"676",84,"C_999",2031-02-01,"cl",3991731.41929267,"activity",3852971.03341908
"677",84,"C_999",2031-02-01,"proc",1116976.31945668,"activity",1078148.03949015
"678",84,"C_999",2031-02-01,"non_proc",4717321.51003759,"activity",4553338.19446207
"679",84,"C_999",2031-02-01,"dc",268453.439219954,"activity",259121.472987153
"680",84,"C_999",2031-02-01,"ord",60070.2681267746,"activity",57982.108200855
"681",85,"C_999",2031-03-01,"first",1800776.94260111,"activity",1738886.86641396
"682",85,"C_999",2031-03-01,"fups",4043156.70409819,"activity",3904199.30713608
"683",85,"C_999",2031-03-01,"ncl",726788.461771655,"activity",701809.802723512
"684",85,"C_999",2031-03-01,"cl",3998324.08826706,"activity",3860907.52290037
"685",85,"C_999",2031-03-01,"proc",1118821.09666058,"activity",1080368.84792615
"686",85,"C_999",2031-03-01,"non_proc",4725112.55003871,"activity",4562717.32562388
"687",85,"C_999",2031-03-01,"dc",268896.811900606,"activity",259655.220795507
"688",85,"C_999",2031-03-01,"ord",60169.4790584141,"activity",58101.5418503291
"689",86,"C_999",2031-04-01,"first",1803751.07212844,"activity",1742468.68865055
"690",86,"C_999",2031-04-01,"fups",4049834.30611141,"activity",3912241.31847362
"691",86,"C_999",2031-04-01,"ncl",727988.812005568,"activity",703255.416009693
"692",86,"C_999",2031-04-01,"cl",4004927.64557026,"activity",3868860.36025055
"693",86,"C_999",2031-04-01,"proc",1120668.92066402,"activity",1082594.23086392
"694",86,"C_999",2031-04-01,"non_proc",4732916.45757583,"activity",4572115.77626024
"695",86,"C_999",2031-04-01,"dc",269340.916847287,"activity",260190.068036955
"696",86,"C_999",2031-04-01,"ord",60268.8538449733,"activity",58221.2215135662
"697",87,"C_999",2031-05-01,"first",1806730.11367248,"activity",1746057.8888545
"698",87,"C_999",2031-05-01,"fups",4056522.93672726,"activity",3920299.89503779
"699",87,"C_999",2031-05-01,"ncl",729191.144715484,"activity",704704.007022553
"700",87,"C_999",2031-05-01,"cl",4011542.10918523,"activity",3876829.57914355
"701",87,"C_999",2031-05-01,"proc",1122519.79649903,"activity",1084824.19772618
"702",87,"C_999",2031-05-01,"non_proc",4740733.25390071,"activity",4581533.5861661
"703",87,"C_999",2031-05-01,"dc",269785.755269394,"activity",260726.016976151
"704",87,"C_999",2031-05-01,"ord",60368.3927570718,"activity",58341.1476973144
"705",88,"C_999",2031-06-01,"first",1809714.07534584,"activity",1749654.4822232
"706",88,"C_999",2031-06-01,"fups",4063222.61416037,"activity",3928375.07095025
"707",88,"C_999",2031-06-01,"ncl",730395.463175622,"activity",706155.581895722
"708",88,"C_999",2031-06-01,"cl",4018167.49712462,"activity",3884815.21332267
"709",88,"C_999",2031-06-01,"proc",1124373.72920596,"activity",1087058.75795506
"710",88,"C_999",2031-06-01,"non_proc",4748562.96030024,"activity",4590970.79521839
"711",88,"C_999",2031-06-01,"dc",270231.328378321,"activity",261263.06988241
"712",88,"C_999",2031-06-01,"ord",60468.0960657763,"activity",58461.3209093656
"713",89,"C_999",2031-07-01,"first",1812702.9652745,"activity",1753258.48398538
"714",89,"C_999",2031-07-01,"fups",4069933.35665545,"activity",3936466.88040293
"715",89,"C_999",2031-07-01,"ncl",731601.77066561,"activity",707610.146775463
"716",89,"C_999",2031-07-01,"cl",4024803.82743086,"activity",3892817.29660071
"717",89,"C_999",2031-07-01,"proc",1126230.72383349,"activity",1089297.92101214
"718",89,"C_999",2031-07-01,"non_proc",4756405.59809647,"activity",4600427.44337617
"719",89,"C_999",2031-07-01,"dc",270677.637387464,"activity",261801.229029724
"720",89,"C_999",2031-07-01,"ord",60567.9640426013,"activity",58581.7416585576
"721",90,"C_999",2031-08-01,"first",1815696.79159789,"activity",1756869.9094011
"722",90,"C_999",2031-08-01,"fups",4076655.18248737,"activity",3944575.35765822
"723",90,"C_999",2031-08-01,"ncl",732810.070470493,"activity",709067.707820699
"724",90,"C_999",2031-08-01,"cl",4031451.11817614,"activity",3900835.86286012
"725",90,"C_999",2031-08-01,"proc",1128090.78543862,"activity",1091541.69637851
"726",90,"C_999",2031-08-01,"non_proc",4764261.18864663,"activity",4609903.57068082
"727",90,"C_999",2031-08-01,"dc",271124.683512221,"activity",262340.496696769
"728",90,"C_999",2031-08-01,"ord",60667.9969595094,"activity",58702.4104547764
"729",91,"C_999",2031-09-01,"first",1818695.56246884,"activity",1760488.77376188
"730",91,"C_999",2031-09-01,"fups",4083388.10996114,"activity",3952700.53704906
"731",91,"C_999",2031-09-01,"ncl",734020.365880741,"activity",710528.271203043
"732",91,"C_999",2031-09-01,"cl",4038109.38746252,"activity",3908870.94605314
"733",91,"C_999",2031-09-01,"proc",1129953.91908672,"activity",1093790.09355475
"734",91,"C_999",2031-09-01,"non_proc",4772129.75334326,"activity",4619399.21725618
"735",91,"C_999",2031-09-01,"dc",271572.467969999,"activity",262880.875166913
"736",91,"C_999",2031-09-01,"ord",60768.1950889127,"activity",58823.3278089584
"737",92,"C_999",2031-10-01,"first",1821699.2860537,"activity",1764115.09239073
"738",92,"C_999",2031-10-01,"fups",4090132.15741203,"activity",3960842.4529791
"739",92,"C_999",2031-10-01,"ncl",735232.660192258,"activity",711991.843106815
"740",92,"C_999",2031-10-01,"cl",4044778.65342196,"activity",3916922.58020196
"741",92,"C_999",2031-10-01,"proc",1131820.12985152,"activity",1096043.12206105
"742",92,"C_999",2031-10-01,"non_proc",4780011.31361422,"activity",4628914.42330877
"743",92,"C_999",2031-10-01,"dc",272020.991980215,"activity",263422.36672823
"744",92,"C_999",2031-10-01,"ord",60868.558703673,"activity",58944.4942330921
"745",93,"C_999",2031-11-01,"first",1824707.97053227,"activity",1767748.88064221
"746",93,"C_999",2031-11-01,"fups",4096887.3432056,"activity",3969001.13992287
"747",93,"C_999",2031-11-01,"ncl",736446.956706393,"activity",713458.429729079
"748",93,"C_999",2031-11-01,"cl",4051458.93421636,"activity",3924990.79939882
"749",93,"C_999",2031-11-01,"proc",1133689.42281512,"activity",1098300.79143719
"750",93,"C_999",2031-11-01,"non_proc",4787905.89092276,"activity",4638449.2291279
"751",93,"C_999",2031-11-01,"dc",272470.256764299,"activity",263964.973673505
"752",93,"C_999",2031-11-01,"ord",60969.0880771028,"activity",59065.910240221
"753",94,"C_999",2031-12-01,"first",1827721.62409787,"activity",1771390.15390253
"754",94,"C_999",2031-12-01,"fups",4103653.68573771,"activity",3977176.63242594
"755",94,"C_999",2031-12-01,"ncl",737663.258729945,"activity",714928.03727966
"756",94,"C_999",2031-12-01,"cl",4058150.24803761,"activity",3933075.63780622
"757",94,"C_999",2031-12-01,"proc",1135561.80306802,"activity",1100563.11124259
"758",94,"C_999",2031-12-01,"non_proc",4795813.50676756,"activity",4648003.67508588
"759",94,"C_999",2031-12-01,"dc",272920.2635457,"activity",264508.698300246
"760",94,"C_999",2031-12-01,"ord",61069.7834829661,"activity",59187.5763444451
"761",95,"C_999",2032-01-01,"first",1830740.25495734,"activity",1775038.92758958
"762",95,"C_999",2032-01-01,"fups",4110431.20343463,"activity",3985368.96510498
"763",95,"C_999",2032-01-01,"ncl",738881.569575177,"activity",716400.671981176
"764",95,"C_999",2032-01-01,"cl",4064852.61310765,"activity",3941177.12965701
"765",95,"C_999",2032-01-01,"proc",1137437.27570914,"activity",1102830.09105637
"766",95,"C_999",2032-01-01,"non_proc",4803734.18268283,"activity",4657577.80163819
"767",95,"C_999",2032-01-01,"dc",273371.013549888,"activity",265053.542910693
"768",95,"C_999",2032-01-01,"ord",61170.6451954789,"activity",59309.4930609234
"769",96,"C_999",2032-02-01,"first",1833763.8713311,"activity",1778695.21715301
"770",96,"C_999",2032-02-01,"fups",4117219.91475305,"activity",3993578.17264801
"771",96,"C_999",2032-02-01,"ncl",740101.892559821,"activity",717876.340069063
"772",96,"C_999",2032-02-01,"cl",4071566.04767852,"activity",3949295.30925455
"773",96,"C_999",2032-02-01,"proc",1139315.84584581,"activity",1105101.74047741
"774",96,"C_999",2032-02-01,"non_proc",4811667.94023834,"activity",4667171.64932362
"775",96,"C_999",2032-02-01,"dc",273822.508004353,"activity",265599.509811831
"776",96,"C_999",2032-02-01,"ord",61271.6734893101,"activity",59431.6609058763
"777",97,"C_999",2032-03-01,"first",1836792.48145313,"activity",1782359.0380743
"778",97,"C_999",2032-03-01,"fups",4124019.83818015,"activity",4001804.28981448
"779",97,"C_999",2032-03-01,"ncl",741324.231007088,"activity",719355.047791599
"780",97,"C_999",2032-03-01,"cl",4078290.5700324,"activity",3957430.21097288
"781",97,"C_999",2032-03-01,"proc",1141197.51859379,"activity",1107378.06912431
"782",97,"C_999",2032-03-01,"non_proc",4819614.80103949,"activity",4676785.25876447
"783",97,"C_999",2032-03-01,"dc",274274.748138618,"activity",266146.601315394
"784",97,"C_999",2032-03-01,"ord",61372.8686395824,"activity",59554.0803965872
"785",98,"C_999",2032-04-01,"first",1839826.09357101,"activity",1786030.40586681
"786",98,"C_999",2032-04-01,"fups",4130830.99223364,"activity",4010047.35143545
"787",98,"C_999",2032-04-01,"ncl",742548.58824568,"activity",720836.801409935
"788",98,"C_999",2032-04-01,"cl",4085026.19848167,"activity",3965581.86925681
"789",98,"C_999",2032-04-01,"proc",1143082.2990773,"activity",1109659.08663552
"790",98,"C_999",2032-04-01,"non_proc",4827574.78672735,"activity",4686418.67066674
"791",98,"C_999",2032-04-01,"dc",274727.735184233,"activity",266694.819737879
"792",98,"C_999",2032-04-01,"ord",61474.2309218728,"activity",59676.7520514052
"793",99,"C_999",2032-05-01,"first",1842864.71594593,"activity",1789709.33607586
"794",99,"C_999",2032-05-01,"fups",4137653.3954618,"activity",4018307.39241372
"795",99,"C_999",2032-05-01,"ncl",743774.967609794,"activity",722321.607198116
"796",99,"C_999",2032-05-01,"cl",4091772.95136893,"activity",3973750.31862213
"797",99,"C_999",2032-05-01,"proc",1144970.19242901,"activity",1111944.80266933
"798",99,"C_999",2032-05-01,"non_proc",4835547.91897873,"activity",4696071.92582025
"799",99,"C_999",2032-05-01,"dc",275181.470374782,"activity",267244.167400554
"800",99,"C_999",2032-05-01,"ord",61575.7606122133,"activity",59799.6763897471
"801",100,"C_999",2032-06-01,"first",1845908.35685276,"activity",1793395.84427878
"802",100,"C_999",2032-06-01,"fups",4144487.06644358,"activity",4026584.447724
"803",100,"C_999",2032-06-01,"ncl",745003.372439135,"activity",723809.471443114
"804",100,"C_999",2032-06-01,"cl",4098530.84706712,"activity",3981935.59365573
"805",100,"C_999",2032-06-01,"proc",1146861.20379008,"activity",1114235.22690393
"806",100,"C_999",2032-06-01,"non_proc",4843534.21950625,"activity",4705745.06509885
"807",100,"C_999",2032-06-01,"dc",275635.954945888,"activity",267794.64662947
"808",100,"C_999",2032-06-01,"ord",61677.4579870919,"activity",59922.8539320996
"809",101,"C_999",2032-07-01,"first",1848957.02457999,"activity",1797089.94608501
"810",101,"C_999",2032-07-01,"fups",4151332.02378856,"activity",4034878.552413
"811",101,"C_999",2032-07-01,"ncl",746233.806078922,"activity",725300.400444848
"812",101,"C_999",2032-07-01,"cl",4105299.90397948,"activity",3990137.72901572
"813",101,"C_999",2032-07-01,"proc",1148755.33831016,"activity",1116530.36903744
"814",101,"C_999",2032-07-01,"non_proc",4851533.7100584,"activity",4715438.12946057
"815",101,"C_999",2032-07-01,"dc",276091.190135214,"activity",268346.259755467
"816",101,"C_999",2032-07-01,"ord",61779.3233234534,"activity",60046.2852000214
"817",102,"C_999",2032-08-01,"first",1852010.72742984,"activity",1800791.65713613
"818",102,"C_999",2032-08-01,"fups",4158188.28613712,"activity",4043189.74159967
"819",102,"C_999",2032-08-01,"ncl",747466.271879903,"activity",726794.400516216
"820",102,"C_999",2032-08-01,"cl",4112080.14053966,"activity",3998356.75943162
"821",102,"C_999",2032-08-01,"proc",1150652.60114739,"activity",1118830.23878797
"822",102,"C_999",2032-08-01,"non_proc",4859546.41241957,"activity",4725151.15994783
"823",102,"C_999",2032-08-01,"dc",276547.177182466,"activity",268899.009114188
"824",102,"C_999",2032-08-01,"ord",61881.3568986997,"activity",60169.9707161458
"825",103,"C_999",2032-09-01,"first",1855069.47371822,"activity",1804500.99310593
"826",103,"C_999",2032-09-01,"fups",4165055.87216036,"activity",4051518.05047528
"827",103,"C_999",2032-09-01,"ncl",748700.773198356,"activity",728291.477983118
"828",103,"C_999",2032-09-01,"cl",4118871.57521178,"activity",4006592.71970446
"829",103,"C_999",2032-09-01,"proc",1152552.99746846,"activity",1121134.84589362
"830",103,"C_999",2032-09-01,"non_proc",4867572.34841013,"activity",4734884.19768758
"831",103,"C_999",2032-09-01,"dc",277003.917329399,"activity",269452.897046086
"832",103,"C_999",2032-09-01,"ord",61983.558990691,"activity",60293.9110041822
"833",104,"C_999",2032-10-01,"first",1858133.27177478,"activity",1808217.96970049
"834",104,"C_999",2032-10-01,"fups",4171934.80056028,"activity",4059863.51430357
"835",104,"C_999",2032-10-01,"ncl",749937.313396104,"activity",729791.639184485
"836",104,"C_999",2032-10-01,"cl",4125674.22649041,"activity",4014845.644707
"837",104,"C_999",2032-10-01,"proc",1154456.53244855,"activity",1123444.20011258
"838",104,"C_999",2032-10-01,"non_proc",4875611.53988651,"activity",4744637.28389148
"839",104,"C_999",2032-10-01,"dc",277461.411819819,"activity",270007.925896436
"840",104,"C_999",2032-10-01,"ord",62085.9298777465,"activity",60418.1065889193
"841",105,"C_999",2032-11-01,"first",1861202.12994292,"activity",1811942.60265826
"842",105,"C_999",2032-11-01,"fups",4178825.09006971,"activity",4068226.16842094
"843",105,"C_999",2032-11-01,"ncl",751175.895840521,"activity",731294.890472305
"844",105,"C_999",2032-11-01,"cl",4132488.11290069,"activity",4023115.56938379
"845",105,"C_999",2032-11-01,"proc",1156363.21127142,"activity",1125758.31122311
"846",105,"C_999",2032-11-01,"non_proc",4883664.00874121,"activity",4754410.45985609
"847",105,"C_999",2032-11-01,"dc",277919.661899585,"activity",270564.098015342
"848",105,"C_999",2032-11-01,"ord",62188.4698386449,"activity",60542.5579962264
"849",106,"C_999",2032-12-01,"first",1864276.05657983,"activity",1815674.90775009
"850",106,"C_999",2032-12-01,"fups",4185726.75945247,"activity",4076606.04823658
"851",106,"C_999",2032-12-01,"ncl",752416.523904544,"activity",732801.23821165
"852",106,"C_999",2032-12-01,"cl",4139313.25299837,"activity",4031402.52875137
"853",106,"C_999",2032-12-01,"proc",1158273.03912938,"activity",1128077.18902365
"854",106,"C_999",2032-12-01,"non_proc",4891729.77690291,"activity",4764203.76696302
"855",106,"C_999",2032-12-01,"dc",278378.668816614,"activity",271121.415757751
"856",106,"C_999",2032-12-01,"ord",62291.1791526254,"activity",60667.2657530561
"857",107,"C_999",2033-01-01,"first",1867355.06005649,"activity",1819414.90077932
"858",107,"C_999",2033-01-01,"fups",4192639.82750333,"activity",4085003.1892326
"859",107,"C_999",2033-01-01,"ncl",753659.200966681,"activity",734310.688780705
"860",107,"C_999",2033-01-01,"cl",4146149.66536981,"activity",4039706.55789843
"861",107,"C_999",2033-01-01,"proc",1160186.02122333,"activity",1130400.84333278
"862",107,"C_999",2033-01-01,"non_proc",4899808.86633649,"activity",4774017.24667914
"863",107,"C_999",2033-01-01,"dc",278838.433820885,"activity",271679.88148346
"864",107,"C_999",2033-01-01,"ord",62394.0580993885,"activity",60792.2303874464
"865",108,"C_999",2033-02-01,"first",1870439.14875773,"activity",1823162.59758184
"866",108,"C_999",2033-02-01,"fups",4199564.31304812,"activity",4093417.6269642
"867",108,"C_999",2033-02-01,"ncl",754903.930411018,"activity",735823.248570788
"868",108,"C_999",2033-02-01,"cl",4152997.3686321,"activity",4048027.69198591
"869",108,"C_999",2033-02-01,"proc",1162102.16276273,"activity",1132729.28398934
"870",108,"C_999",2033-02-01,"non_proc",4907901.29904311,"activity",4783850.9405567
"871",108,"C_999",2033-02-01,"dc",279298.958164441,"activity",272239.497557127
"872",108,"C_999",2033-02-01,"ord",62497.1069590964,"activity",60917.4524285231
"873",109,"C_999",2033-03-01,"first",1873528.33108219,"activity",1826918.01402616
"874",109,"C_999",2033-03-01,"fups",4206500.23494376,"activity",4101849.39705984
"875",109,"C_999",2033-03-01,"ncl",756150.715627231,"activity",737338.923986388
"876",109,"C_999",2033-03-01,"cl",4159856.38143305,"activity",4056365.96624719
"877",109,"C_999",2033-03-01,"proc",1164021.46896567,"activity",1135062.52085241
"878",109,"C_999",2033-03-01,"non_proc",4916007.09706028,"activity",4793704.89023358
"879",109,"C_999",2033-03-01,"dc",279760.243101391,"activity",272800.266348278
"880",109,"C_999",2033-03-01,"ord",62600.3260123741,"activity",61042.9324065018
"881",110,"C_999",2033-04-01,"first",1876622.61544243,"activity",1830681.16601348
"882",110,"C_999",2033-04-01,"fups",4213447.61207831,"activity",4110298.53522133
"883",110,"C_999",2033-04-01,"ncl",757399.560010594,"activity",738857.721445182
"884",110,"C_999",2033-04-01,"cl",4166726.7224513,"activity",4064721.41598822
"885",110,"C_999",2033-04-01,"proc",1165943.94505885,"activity",1137400.5638014
"886",110,"C_999",2033-04-01,"non_proc",4924126.28246189,"activity",4803579.1374334
"887",110,"C_999",2033-04-01,"dc",280222.289887918,"activity",273362.190231325
"888",110,"C_999",2033-04-01,"ord",62703.7155403103,"activity",61168.6708526903
"889",111,"C_999",2033-05-01,"first",1879722.01026485,"activity",1834452.06947775
"890",111,"C_999",2033-05-01,"fups",4220406.46337104,"activity",4118765.07722406
"891",111,"C_999",2033-05-01,"ncl",758650.46696199,"activity",740379.647378068
"892",111,"C_999",2033-05-01,"cl",4173608.41039631,"activity",4073094.07658768
"893",111,"C_999",2033-05-01,"proc",1167869.59627759,"activity",1139743.42273606
"894",111,"C_999",2033-05-01,"non_proc",4932258.8773583,"activity",4813473.72396575
"895",111,"C_999",2033-05-01,"dc",280685.099782278,"activity",273925.271585568
"896",111,"C_999",2033-05-01,"ord",62807.2758244576,"activity",61294.6682994907
"897",112,"C_999",2033-06-01,"first",1882826.52398981,"activity",1838230.74038575
"898",112,"C_999",2033-06-01,"fups",4227376.80777245,"activity",4127249.05891709
"899",112,"C_999",2033-06-01,"ncl",759903.439887918,"activity",741904.708229191
"900",112,"C_999",2033-06-01,"cl",4180501.46400846,"activity",4081483.98349712
"901",112,"C_999",2033-06-01,"proc",1169798.42786589,"activity",1142091.10757653
"902",112,"C_999",2033-06-01,"non_proc",4940404.90389638,"activity",4823388.69172631
"903",112,"C_999",2033-06-01,"dc",281148.674044806,"activity",274489.512795206
"904",112,"C_999",2033-06-01,"ord",62911.0071468338,"activity",61420.925280402
"905",113,"C_999",2033-07-01,"first",1885936.16507159,"activity",1842017.19473713
"906",113,"C_999",2033-07-01,"fups",4234358.66426434,"activity",4135750.51622332
"907",113,"C_999",2033-07-01,"ncl",761158.482200501,"activity",743432.910455968
"908",113,"C_999",2033-07-01,"cl",4187405.90205907,"activity",4089891.17224111
"909",113,"C_999",2033-07-01,"proc",1171730.44507636,"activity",1144443.62826338
"910",113,"C_999",2033-07-01,"non_proc",4948564.38425957,"activity",4833324.08269708
"911",113,"C_999",2033-07-01,"dc",281613.013937918,"activity",275054.916249353
"912",113,"C_999",2033-07-01,"ord",63014.9097899225,"activity",61547.4423300219
"913",114,"C_999",2033-08-01,"first",1889050.94197844,"activity",1845811.44856453
"914",114,"C_999",2033-08-01,"fups",4241352.05185986,"activity",4144269.48513966
"915",114,"C_999",2033-08-01,"ncl",762415.597317502,"activity",744964.26052912
"916",114,"C_999",2033-08-01,"cl",4194321.74335046,"activity",4098315.6784174
"917",114,"C_999",2033-08-01,"proc",1173665.65317034,"activity",1146800.99475767
"918",114,"C_999",2033-08-01,"non_proc",4956737.34066796,"activity",4843279.93894652
"919",114,"C_999",2033-08-01,"dc",282078.120726115,"activity",275621.484342042
"920",114,"C_999",2033-08-01,"ord",63118.9840366737,"activity",61674.2199840493
"921",115,"C_999",2033-09-01,"first",1892170.86319259,"activity",1849613.51793357
"922",115,"C_999",2033-09-01,"fups",4248356.98960357,"activity",4152806.00173715
"923",115,"C_999",2033-09-01,"ncl",763674.788662324,"activity",746498.764932695
"924",115,"C_999",2033-09-01,"cl",4201249.00671601,"activity",4106757.53769707
"925",115,"C_999",2033-09-01,"proc",1175604.05741783,"activity",1149163.21704096
"926",115,"C_999",2033-09-01,"non_proc",4964923.79537834,"activity",4853256.30262977
"927",115,"C_999",2033-09-01,"dc",282543.995675987,"activity",276189.219472238
"928",115,"C_999",2033-09-01,"ord",63223.2301705049,"activity",61801.2587792867
"929",116,"C_999",2033-10-01,"first",1895295.93721028,"activity",1853423.418943
"930",116,"C_999",2033-10-01,"fups",4255373.49657148,"activity",4161360.10216115
"931",116,"C_999",2033-10-01,"ncl",764936.059664026,"activity",748036.430164096
"932",116,"C_999",2033-10-01,"cl",4208187.71102022,"activity",4115216.78582467
"933",116,"C_999",2033-10-01,"proc",1177545.66309752,"activity",1151530.30511539
"934",116,"C_999",2033-10-01,"non_proc",4973123.77068424,"activity",4863253.21598876
"935",116,"C_999",2033-10-01,"dc",283010.640056216,"activity",276758.124043846
"936",116,"C_999",2033-10-01,"ord",63327.6484753015,"activity",61928.5592536422
"937",117,"C_999",2033-11-01,"first",1898426.17254178,"activity",1857241.16772472
"938",117,"C_999",2033-11-01,"fups",4262401.59187111,"activity",4169931.82263146
"939",117,"C_999",2033-11-01,"ncl",766199.413757332,"activity",749577.262734112
"940",117,"C_999",2033-11-01,"cl",4215137.87515871,"activity",4123693.45861838
"941",117,"C_999",2033-11-01,"proc",1179490.47549685,"activity",1153902.26900369
"942",117,"C_999",2033-11-01,"non_proc",4981337.28891604,"activity",4873270.72135249
"943",117,"C_999",2033-11-01,"dc",283478.055137577,"activity",277328.200465725
"944",117,"C_999",2033-11-01,"ord",63432.2392354179,"activity",62056.121946132
"945",118,"C_999",2033-12-01,"first",1901561.57771142,"activity",1861066.78044384
"946",118,"C_999",2033-12-01,"fups",4269441.29464152,"activity",4178521.19944249
"947",118,"C_999",2033-12-01,"ncl",767464.854382636,"activity",751121.269166941
"948",118,"C_999",2033-12-01,"cl",4222099.51805834,"activity",4132187.59197015
"949",118,"C_999",2033-12-01,"proc",1181438.49991197,"activity",1156279.11874924
"950",118,"C_999",2033-12-01,"non_proc",4989564.37244097,"activity",4883308.86113709
"951",118,"C_999",2033-12-01,"dc",283946.242192947,"activity",277899.451151695
"952",118,"C_999",2033-12-01,"ord",63537.002735678,"activity",62183.9473968824
"953",119,"C_999",2034-01-01,"first",1904702.16125762,"activity",1864900.2732988
"954",119,"C_999",2034-01-01,"fups",4276492.6240534,"activity",4187128.26896341
"955",119,"C_999",2034-01-01,"ncl",768732.384986015,"activity",752668.456000221
"956",119,"C_999",2034-01-01,"cl",4229072.65867721,"activity",4140699.22184589
"957",119,"C_999",2034-01-01,"proc",1183389.74164779,"activity",1158660.8644161
"958",119,"C_999",2034-01-01,"non_proc",4997805.04366322,"activity",4893367.67784611
"959",119,"C_999",2034-01-01,"dc",284415.202497303,"activity",278471.878520546
"960",119,"C_999",2034-01-01,"ord",63641.9392613763,"activity",62312.0361471325
"961",120,"C_999",2034-02-01,"first",1907847.93173288,"activity",1868741.66252138
"962",120,"C_999",2034-02-01,"fups",4283555.59930908,"activity",4195753.0676383
"963",120,"C_999",2034-02-01,"ncl",770002.009019239,"activity",754218.829785057
"964",120,"C_999",2034-02-01,"cl",4236057.31600474,"activity",4149228.38428555
"965",120,"C_999",2034-02-01,"proc",1185344.20601798,"activity",1161047.51608907
"966",120,"C_999",2034-02-01,"non_proc",5006059.32502398,"activity",4903447.21407061
"967",120,"C_999",2034-02-01,"dc",284884.93732773,"activity",279045.484996054
"968",120,"C_999",2034-02-01,"ord",63747.0490982783,"activity",62440.3887392361
