"","t","i","a","s","open","completed","carried"
"1",0,0,NA,"C_999",993201,359746,NA
"2",1,0,NA,"C_999",983553,374474,NA
"3",2,0,NA,"C_999",1010264,407025,NA
"4",3,0,NA,"C_999",916063,386595,NA
"5",4,0,NA,"C_999",863301,345373,NA
"6",5,0,NA,"C_999",989123,371961,NA
"7",6,0,NA,"C_999",957908,378949,NA
"8",7,0,NA,"C_999",1014033,398936,NA
"9",8,0,NA,"C_999",758573,348315,NA
"10",9,0,NA,"C_999",1004877,324221,NA
"11",10,0,NA,"C_999",1012712,370841,NA
"12",11,0,NA,"C_999",1003324,415277,NA
"13",12,0,NA,"C_999",871285,332986,NA
"14",13,0,NA,"C_999",1078916,385094,NA
"15",14,0,NA,"C_999",1043502,356434,NA
"16",15,0,NA,"C_999",951629,367979,NA
"17",16,0,NA,"C_999",922254,370679,NA
"18",17,0,NA,"C_999",975109,355949,NA
"19",18,0,NA,"C_999",1019177,372924,NA
"20",19,0,NA,"C_999",1025680,399791,NA
"21",20,0,NA,"C_999",740764,331812,NA
"22",21,0,NA,"C_999",1082719,363381,NA
"23",22,0,NA,"C_999",1072383,384092,NA
"24",23,0,NA,"C_999",1082316,425476,NA
"25",24,0,NA,"C_999",974710,324250,NA
"26",25,0,NA,"C_999",1064852,376461,NA
"27",26,0,NA,"C_999",1091577,406544,NA
"28",27,0,NA,"C_999",1072983,388922,NA
"29",28,0,NA,"C_999",968731,380561,NA
"30",29,0,NA,"C_999",1026556,365309,NA
"31",30,0,NA,"C_999",1060307,381839,NA
"32",31,0,NA,"C_999",1073154,394847,NA
"33",32,0,NA,"C_999",813695,328912,NA
"34",33,0,NA,"C_999",1104645,368312,NA
"35",34,0,NA,"C_999",1088601,384931,NA
"36",35,0,NA,"C_999",985469,371418,NA
"37",0,1,NA,"C_999",876103,244599,NA
"38",1,1,1,"C_999",1014316,238900,754301
"39",2,1,1,"C_999",1024990,277332,706221
"40",3,1,1,"C_999",1085840,249810,760454
"41",4,1,1,"C_999",1027831,223258,692805
"42",5,1,1,"C_999",950987,231647,631654
"43",6,1,1,"C_999",1081351,231448,757675
"44",7,1,1,"C_999",1053472,273411,684497
"45",8,1,1,"C_999",1108072,230104,783929
"46",9,1,1,"C_999",781973,227520,531053
"47",10,1,1,"C_999",1069785,205434,799443
"48",11,1,1,"C_999",1100355,272409,740303
"49",12,1,1,"C_999",1125477,223935,779389
"50",13,1,1,"C_999",972926,231758,639527
"51",14,1,1,"C_999",1065810,232442,846474
"52",15,1,1,"C_999",1149049,217674,825828
"53",16,1,1,"C_999",1102911,235063,716566
"54",17,1,1,"C_999",1032882,229385,692869
"55",18,1,1,"C_999",1075012,225583,749526
"56",19,1,1,"C_999",1099590,260359,758818
"57",20,1,1,"C_999",1140897,213448,812232
"58",21,1,1,"C_999",845527,231497,509267
"59",22,1,1,"C_999",1154925,212988,869731
"60",23,1,1,"C_999",1175219,268156,804227
"61",24,1,1,"C_999",1148259,225177,857139
"62",25,1,1,"C_999",1092569,238586,736124
"63",26,1,1,"C_999",1167816,255957,808895
"64",27,1,1,"C_999",1197072,249481,842096
"65",28,1,1,"C_999",1170678,252470,820513
"66",29,1,1,"C_999",1079537,238897,729834
"67",30,1,1,"C_999",1158156,253275,773281
"68",31,1,1,"C_999",1139846,270176,790131
"69",32,1,1,"C_999",1187575,212512,860642
"70",33,1,1,"C_999",894311,253723,559972
"71",34,1,1,"C_999",1189788,227868,876777
"72",35,1,1,"C_999",1190171,248842,839759
"73",0,2,NA,"C_999",699421,129924,NA
"74",1,2,0.954002508206495,"C_999",696045,146498,729605
"75",2,2,0.942329703698655,"C_999",801883,163358,850958
"76",3,2,0.96439302867165,"C_999",830299,164035,860955
"77",4,2,0.93923814498377,"C_999",881104,147735,938105
"78",5,2,0.961406033018246,"C_999",824547,170184,857647
"79",6,2,0.97300138409517,"C_999",777504,151909,799078
"80",7,2,0.934787332819692,"C_999",851724,170209,911142
"81",8,2,0.973889487935733,"C_999",886927,142766,910706
"82",9,2,0.936086643887631,"C_999",881334,166563,941509
"83",10,2,0.978924857796136,"C_999",628505,139937,642036
"84",11,2,0.963752943401888,"C_999",886512,149931,919854
"85",12,2,0.978299283032109,"C_999",933997,145640,954715
"86",13,2,0.966851374588506,"C_999",919874,174065,951412
"87",14,2,0.995412915625739,"C_999",829170,139935,832991
"88",15,2,0.966821929029559,"C_999",887558,147794,918016
"89",16,2,0.973609427535282,"C_999",972666,150018,999031
"90",17,2,0.97286241264362,"C_999",919892,157359,945552
"91",18,2,0.952333227379521,"C_999",841894,148849,884033
"92",19,2,0.963996130430353,"C_999",879900,162249,912763
"93",20,2,0.989281880841013,"C_999",955766,133469,966121
"94",21,2,0.976435725777155,"C_999",940747,177447,963450
"95",22,2,0.96729809758325,"C_999",690587,131593,713934
"96",23,2,0.964119394246557,"C_999",968268,150622,1004303
"97",24,2,0.963044283243371,"C_999",996095,140900,1034319
"98",25,2,0.930337101631566,"C_999",909772,170364,977895
"99",26,2,0.983710199171234,"C_999",919892,157444,935125
"100",27,2,0.961555421257463,"C_999",976923,151834,1015982
"101",28,2,0.975038127368518,"C_999",1012698,158448,1038624
"102",29,2,0.970131177031107,"C_999",980433,160059,1010619
"103",30,2,0.97996260929092,"C_999",904725,156313,923224
"104",31,2,0.966696321939253,"C_999",958375,166764,991392
"105",32,2,0.969313716657773,"C_999",979097,129753,1010093
"106",33,2,0.961611969207356,"C_999",973084,175645,1011930
"107",34,2,0.971995226263997,"C_999",736265,136833,757478
"108",35,2,0.950822906312363,"C_999",1002464,135476,1054312
"109",0,3,NA,"C_999",508987,86579,NA
"110",1,3,0.942978944906222,"C_999",572458,92347,607074
"111",2,3,0.955350509286998,"C_999",558068,111895,584150
"112",3,3,0.961759559029149,"C_999",667213,108141,693742
"113",4,3,0.94185597120197,"C_999",682369,105805,724494
"114",5,3,0.950905956621557,"C_999",714893,129302,751802
"115",6,3,0.961487848563352,"C_999",675850,121626,702921
"116",7,3,0.947887861819554,"C_999",618039,125487,652017
"117",8,3,0.973508785732669,"C_999",730043,101815,749909
"118",9,3,0.938664415691665,"C_999",718358,121629,765298
"119",10,3,0.948208436436848,"C_999",719639,122388,758946
"120",11,3,1,"C_999",528485,116296,512209
"121",12,3,0.959435486006302,"C_999",760935,93405,793107
"122",13,3,0.964685756231688,"C_999",775371,130242,803755
"123",14,3,0.967368243179813,"C_999",772845,120959,798915
"124",15,3,1,"C_999",734930,102513,726657
"125",16,3,0.989749928341584,"C_999",763116,116539,771019
"126",17,3,0.963026282903499,"C_999",820717,120439,852227
"127",18,3,0.941568518671235,"C_999",753558,119570,800322
"128",19,3,0.972469285584794,"C_999",697348,124804,717090
"129",20,3,0.989072144472285,"C_999",776841,94476,785424
"130",21,3,0.992292263783941,"C_999",818785,130621,825145
"131",22,3,0.964656589673499,"C_999",791548,120198,820549
"132",23,3,1,"C_999",596808,106161,584426
"133",24,3,0.95757848877441,"C_999",837208,93971,874297
"134",25,3,0.973725593201481,"C_999",848930,124258,871837
"135",26,3,0.974828681903449,"C_999",763905,126142,783630
"136",27,3,0.967704827965112,"C_999",789082,104476,815416
"137",28,3,0.968020985256406,"C_999",840279,108885,868038
"138",29,3,0.961397019819108,"C_999",860882,117249,895449
"139",30,3,0.962081030942038,"C_999",824058,123896,856537
"140",31,3,0.963795551348793,"C_999",753505,122915,781810
"141",32,3,0.967800118239002,"C_999",836519,94024,864351
"142",33,3,0.965455179843353,"C_999",821808,127884,851213
"143",34,3,0.949306199700504,"C_999",809537,120317,852767
"144",35,3,0.982192978204068,"C_999",628135,96742,639523
"145",0,4,NA,"C_999",329586,65209,NA
"146",1,4,0.903982501975692,"C_999",403790,62308,446679
"147",2,4,0.915685275699102,"C_999",452995,77752,494706
"148",3,4,0.936088261764354,"C_999",446208,81395,476673
"149",4,4,0.910151455550134,"C_999",539100,74894,592319
"150",5,4,0.916299642354406,"C_999",535721,97712,584657
"151",6,4,0.91862455090499,"C_999",567371,97262,617631
"152",7,4,0.908853488831163,"C_999",520265,103409,572441
"153",8,4,0.950500785293133,"C_999",516831,74293,543746
"154",9,4,0.907027951438917,"C_999",579170,91507,638536
"155",10,4,0.922010873045349,"C_999",575947,93694,624664
"156",11,4,0.949703341924091,"C_999",582964,105801,613838
"157",12,4,0.947210611599558,"C_999",433741,70571,457914
"158",13,4,0.920132528822325,"C_999",614862,92703,668232
"159",14,4,0.952343882213572,"C_999",647151,95836,679535
"160",15,4,0.895282425425343,"C_999",609143,92453,680392
"161",16,4,1,"C_999",659035,85810,649120
"162",17,4,0.951647711934318,"C_999",631010,100045,663071
"163",18,4,0.907018896602605,"C_999",654035,99635,721082
"164",19,4,0.945856512787623,"C_999",610557,108051,645507
"165",20,4,0.981181001035287,"C_999",608448,77230,620118
"166",21,4,1,"C_999",686235,98593,678248
"167",22,4,0.938945295537959,"C_999",678972,95663,723122
"168",23,4,0.937115163186761,"C_999",646214,101970,689578
"169",24,4,0.965101686851697,"C_999",515262,62914,533894
"170",25,4,0.941832389599183,"C_999",702914,90882,746326
"171",26,4,0.954906991489715,"C_999",713856,101364,747566
"172",27,4,0.955702023526335,"C_999",643219,90872,673033
"173",28,4,0.97281041676998,"C_999",686595,83297,705785
"174",29,4,0.943092047711328,"C_999",706143,91526,748753
"175",30,4,0.941933607577779,"C_999",715781,100976,759906
"176",31,4,0.947851782533801,"C_999",680659,105951,718107
"177",32,4,0.963116570958957,"C_999",653934,74528,678977
"178",33,4,0.953257265046672,"C_999",701686,100426,736093
"179",34,4,0.939381110581159,"C_999",683427,94279,727529
"180",35,4,0.947722073828656,"C_999",681941,89979,719558
"181",0,5,NA,"C_999",350881,56248,NA
"182",1,5,0.871624447894733,"C_999",245887,47484,282102
"183",2,5,0.828915669456126,"C_999",293495,49719,354071
"184",3,5,0.870167345634635,"C_999",348596,52387,400608
"185",4,5,0.870833870409265,"C_999",344555,50547,395661
"186",5,5,0.866205561578239,"C_999",409898,65889,473211
"187",6,5,0.883302214209614,"C_999",412049,69234,466487
"188",7,5,0.859028525103684,"C_999",420674,77662,489709
"189",8,5,0.900845535072604,"C_999",416151,58309,461956
"190",9,5,0.901919206124584,"C_999",410449,61747,455084
"191",10,5,0.901969489536476,"C_999",461177,67870,511300
"192",11,5,0.921261024958203,"C_999",460110,76512,499435
"193",12,5,0.894412382455372,"C_999",465869,62098,520866
"194",13,5,0.929724906824143,"C_999",346991,60522,373219
"195",14,5,0.914518290256272,"C_999",500953,67084,547778
"196",15,5,0.909733714979617,"C_999",524416,70701,576450
"197",16,5,0.89083874868893,"C_999",477331,73321,535822
"198",17,5,0.921939794325059,"C_999",542025,71117,587918
"199",18,5,0.891837954693632,"C_999",493808,77313,553697
"200",19,5,0.900628078451148,"C_999",514355,82928,571107
"201",20,5,0.946274221383996,"C_999",519796,61249,549308
"202",21,5,0.903864515428482,"C_999",482792,74306,534142
"203",22,5,0.909632636598424,"C_999",559304,71367,614868
"204",23,5,0.936422322050111,"C_999",560946,79941,599031
"205",24,5,0.923051499360389,"C_999",539015,62265,583949
"206",25,5,0.950852999027533,"C_999",432176,60748,454514
"207",26,5,0.91855961311765,"C_999",578180,73472,629442
"208",27,5,0.928318702486051,"C_999",596636,71150,642706
"209",28,5,0.953788693063339,"C_999",547510,69182,574037
"210",29,5,0.931686370914266,"C_999",576071,68285,618310
"211",30,5,0.922716188630388,"C_999",580836,76658,629485
"212",31,5,0.927646665165418,"C_999",584961,85195,630586
"213",32,5,0.947339996345638,"C_999",585872,62220,618439
"214",33,5,0.94343594836147,"C_999",546273,74909,579025
"215",34,5,0.922656991294712,"C_999",579543,73562,628124
"216",35,5,0.937828993005966,"C_999",574575,70762,612665
"217",0,6,NA,"C_999",275933,44659,NA
"218",1,6,0.924127535773995,"C_999",280798,47029,303852
"219",2,6,0.934758171581406,"C_999",192921,39501,206386
"220",3,6,0.931695856471593,"C_999",239921,35985,257510
"221",4,6,0.924214826030866,"C_999",288709,36213,312383
"222",5,6,0.93889575980614,"C_999",280128,46196,298359
"223",6,6,0.932363676737957,"C_999",335898,49633,360265
"224",7,6,0.923246950139564,"C_999",325800,59164,352885
"225",8,6,0.944439249215149,"C_999",353480,46399,374275
"226",9,6,0.957946830333057,"C_999",349778,51018,365133
"227",10,6,0.923235204519649,"C_999",333371,49359,361090
"228",11,6,0.938415839123032,"C_999",377520,58882,402295
"229",12,6,0.937322676547473,"C_999",386535,47728,412382
"230",13,6,0.94083464357358,"C_999",381770,60091,405778
"231",14,6,0.979803041742359,"C_999",297187,43678,303313
"232",15,6,0.921420614609482,"C_999",414408,51204,449749
"233",16,6,0.957198184620801,"C_999",445861,58618,465798
"234",17,6,0.960441264362574,"C_999",400140,60710,416621
"235",18,6,0.90504109205114,"C_999",439173,56773,485252
"236",19,6,0.948438163074391,"C_999",404525,67291,426517
"237",20,6,0.971829011610855,"C_999",450641,50651,463704
"238",21,6,0.986970655440125,"C_999",449651,64209,455587
"239",22,6,0.940088163633205,"C_999",400502,56766,426026
"240",23,6,0.943860820192573,"C_999",469449,61933,497371
"241",24,6,0.943330576222968,"C_999",480143,51959,508987
"242",25,6,0.946339126634619,"C_999",450412,63063,475952
"243",26,6,0.972493728916184,"C_999",371019,50663,381513
"244",27,6,0.941788113734851,"C_999",489646,58269,519911
"245",28,6,0.96668347627705,"C_999",519487,59245,537391
"246",29,6,0.956572654410619,"C_999",466421,59914,487596
"247",30,6,0.94284851260365,"C_999",483818,62926,513145
"248",31,6,0.945208459072418,"C_999",482355,70520,510316
"249",32,6,0.959162721081272,"C_999",510100,53143,531818
"250",33,6,0.949955013573158,"C_999",492014,67938,517934
"251",34,6,0.941951287621504,"C_999",458751,59251,487022
"252",35,6,0.952619863211192,"C_999",495570,59325,520218
"253",0,7,NA,"C_999",231738,35777,NA
"254",1,7,0.933629539222898,"C_999",223369,36685,239248
"255",2,7,0.935054218725256,"C_999",224370,40844,239954
"256",3,7,1,"C_999",168646,27724,165197
"257",4,7,0.928718239648823,"C_999",199719,24873,215048
"258",5,7,0.930270566155771,"C_999",237926,32949,255760
"259",6,7,0.957300415677685,"C_999",235135,34505,245623
"260",7,7,0.92053415061296,"C_999",269120,43546,292352
"261",8,7,0.956451585217227,"C_999",278600,34515,291285
"262",9,7,0.967530334647191,"C_999",300453,42944,310536
"263",10,7,0.929827520222103,"C_999",286690,41452,308326
"264",11,7,0.969103463468701,"C_999",281542,42853,290518
"265",12,7,0.946171804531225,"C_999",320985,38274,339246
"266",13,7,0.953499852202187,"C_999",322569,48235,338300
"267",14,7,0.947827663374752,"C_999",318926,45289,336481
"268",15,7,0.968246007955595,"C_999",254853,33976,263211
"269",16,7,0.960417257826962,"C_999",355388,44373,370035
"270",17,7,0.955064318657856,"C_999",377089,51030,394831
"271",18,7,0.922419594557831,"C_999",322108,50941,349199
"272",19,7,0.93838645722129,"C_999",363027,52310,386863
"273",20,7,0.976275050803774,"C_999",354546,41363,363162
"274",21,7,0.987365456140661,"C_999",390506,55138,395503
"275",22,7,0.934968416946321,"C_999",373892,49753,399898
"276",23,7,0.974572942696623,"C_999",342424,49144,351358
"277",24,7,0.950401284483744,"C_999",407246,40950,428499
"278",25,7,0.964325926203356,"C_999",411961,52942,427201
"279",26,7,0.953888066899293,"C_999",377795,54354,396058
"280",27,7,0.985462825379446,"C_999",327625,38561,332458
"281",28,7,0.96418097034784,"C_999",425737,48093,441553
"282",29,7,0.961789491787772,"C_999",447386,54327,465160
"283",30,7,0.956192966579422,"C_999",391998,56464,409957
"284",31,7,0.959030332069693,"C_999",408311,58064,425754
"285",32,7,0.971833307766103,"C_999",424455,45598,436757
"286",33,7,0.965731692403473,"C_999",434333,60355,449745
"287",34,7,0.952166774898704,"C_999",416413,54682,437332
"288",35,7,0.968828598724873,"C_999",397522,48439,410312
"289",0,8,NA,"C_999",168571,24850,NA
"290",1,8,0.940692416042701,"C_999",190335,29403,202335
"291",2,8,0.960126890399987,"C_999",183414,32338,191031
"292",3,8,0.890784020026264,"C_999",173653,29426,194944
"293",4,8,0.996768960660093,"C_999",149313,18849,149797
"294",5,8,0.953163390663391,"C_999",167589,23895,175824
"295",6,8,0.95340061098448,"C_999",201608,26464,211462
"296",7,8,0.943675956995138,"C_999",192927,30693,204442
"297",8,8,0.962264150943396,"C_999",233988,25956,243164
"298",9,8,0.988266818237181,"C_999",243420,32290,246310
"299",10,8,0.935810988977873,"C_999",248426,34987,265466
"300",11,8,0.958071303986046,"C_999",239491,36718,249972
"301",12,8,0.95158130422614,"C_999",241400,27859,253683
"302",13,8,0.947416591283989,"C_999",267072,39090,281895
"303",14,8,0.971816367823483,"C_999",278094,36410,286159
"304",15,8,0.928280231805758,"C_999",262539,36103,282823
"305",16,8,1,"C_999",245341,28925,225928
"306",17,8,0.955752548237028,"C_999",302208,39189,316199
"307",18,8,0.907220873060497,"C_999",303342,42725,334364
"308",19,8,0.9672132929069,"C_999",267006,46051,276057
"309",20,8,0.984259995946261,"C_999",325356,32468,330559
"310",21,8,1,"C_999",312818,45071,309475
"311",22,8,0.942073795645936,"C_999",326324,44117,346389
"312",23,8,0.953078635578112,"C_999",313804,44639,329253
"313",24,8,0.963237002426558,"C_999",298511,32520,309904
"314",25,8,0.953619116478671,"C_999",346878,43497,363749
"315",26,8,0.967990825587633,"C_999",353669,46597,365364
"316",27,8,0.93158092086468,"C_999",313041,41763,336032
"317",28,8,1,"C_999",320154,32539,295086
"318",29,8,0.962552724619346,"C_999",366722,44748,380989
"319",30,8,0.944387987966785,"C_999",374515,50817,396569
"320",31,8,0.96796362929679,"C_999",328734,52384,339614
"321",32,8,0.96925039769378,"C_999",360093,36794,371517
"322",33,8,1,"C_999",378230,51440,373015
"323",34,8,0.948975827236448,"C_999",365257,49437,384896
"324",35,8,0.957792707318324,"C_999",354844,45932,370481
"325",0,9,NA,"C_999",127719,19381,NA
"326",1,9,0.946271230161424,"C_999",139399,21257,147314
"327",2,9,0.945606976829762,"C_999",154185,27281,163054
"328",3,9,0.964470130033294,"C_999",153534,24224,159190
"329",4,9,0.888124454821509,"C_999",135415,21180,152473
"330",5,9,0.95877063175868,"C_999",126342,17538,131775
"331",6,9,0.958452760802553,"C_999",141782,19661,147928
"332",7,9,0.918443732234063,"C_999",162199,25006,176602
"333",8,9,0.986382498690625,"C_999",171381,19180,173747
"334",9,9,0.965168366513184,"C_999",200811,25930,208058
"335",10,9,0.920963626380218,"C_999",199594,26697,216723
"336",11,9,0.946029098322676,"C_999",204172,32606,215820
"337",12,9,0.939164507892726,"C_999",201571,24863,214628
"338",13,9,0.992057483317893,"C_999",210964,28747,212653
"339",14,9,0.943278841267152,"C_999",222727,30952,236120
"340",15,9,0.939075528798171,"C_999",233349,29606,248488
"341",16,9,0.852488691692552,"C_999",197323,31072,231467
"342",17,9,0.972494856410978,"C_999",214121,25164,220177
"343",18,9,0.899853942799231,"C_999",241510,33820,268388
"344",19,9,0.934181183481688,"C_999",246735,39223,264119
"345",20,9,0.992679613604347,"C_999",236766,28494,238512
"346",21,9,1,"C_999",293426,36584,288772
"347",22,9,0.924565890914331,"C_999",256641,35238,277580
"348",23,9,0.941640318199052,"C_999",270715,38831,287493
"349",24,9,0.936359222617825,"C_999",266147,29568,284236
"350",25,9,1,"C_999",266050,34039,264472
"351",26,9,0.947284407368154,"C_999",291379,39284,307594
"352",27,9,0.948284853676036,"C_999",300025,37282,316387
"353",28,9,0.849540144884875,"C_999",236653,34475,278566
"354",29,9,0.955535080181794,"C_999",276894,30375,289779
"355",30,9,0.935805226021555,"C_999",301727,44297,322425
"356",31,9,0.949606948981885,"C_999",308401,49748,324767
"357",32,9,0.97391569634413,"C_999",287310,33729,295005
"358",33,9,0.942260682815905,"C_999",298348,43463,316630
"359",34,9,0.933759440450934,"C_999",312928,43103,335127
"360",35,9,0.950266018968309,"C_999",308100,41032,324225
"361",0,10,NA,"C_999",92491,14103,NA
"362",1,10,0.921249581451752,"C_999",101799,17218,110501
"363",2,10,0.974646570861082,"C_999",116788,19573,119826
"364",3,10,0.933256961447172,"C_999",124643,20628,133557
"365",4,10,0.933194920290227,"C_999",127201,17227,136307
"366",5,10,0.912702588474775,"C_999",105816,19478,115937
"367",6,10,0.978971774374032,"C_999",109358,14635,111707
"368",7,10,0.924226461578359,"C_999",114044,18388,123394
"369",8,10,0.929782380022131,"C_999",136122,15797,146402
"370",9,10,0.976999176675074,"C_999",149518,18343,153038
"371",10,10,0.909337351084625,"C_999",162354,22270,178541
"372",11,10,0.976159901414858,"C_999",169517,25937,173657
"373",12,10,0.927774899800965,"C_999",170140,20787,183385
"374",13,10,0.896776285106528,"C_999",157673,25749,175822
"375",14,10,0.945065803529462,"C_999",176939,23740,187224
"376",15,10,0.921229853456756,"C_999",182620,24492,198235
"377",16,10,0.942000077089115,"C_999",195514,25797,207552
"378",17,10,0.928732746332221,"C_999",158322,26852,170471
"379",18,10,0.907996421996401,"C_999",174595,21835,192286
"380",19,10,0.941925446571315,"C_999",197372,31969,209541
"381",20,10,0.976245625917146,"C_999",216214,25260,221475
"382",21,10,0.937808292552285,"C_999",192593,31401,205365
"383",22,10,0.91187268644942,"C_999",240428,29762,263664
"384",23,10,1,"C_999",225389,32393,224248
"385",24,10,0.941837826316847,"C_999",229783,26742,243973
"386",25,10,0.90460999722418,"C_999",211828,31982,234165
"387",26,10,0.949742092540261,"C_999",223159,31082,234968
"388",27,10,0.935366050995169,"C_999",242778,31825,259554
"389",28,10,0.94684489699797,"C_999",253299,32506,267519
"390",29,10,0.918950282491432,"C_999",186886,33284,203369
"391",30,10,0.963624153331466,"C_999",233887,34178,242716
"392",31,10,0.947944598596311,"C_999",243927,44405,257322
"393",32,10,0.958372062625265,"C_999",263951,32985,275416
"394",33,10,0.905653361786055,"C_999",224084,39882,247428
"395",34,10,0.921724442397021,"C_999",240100,37858,260490
"396",35,10,0.943569715457463,"C_999",260446,36906,276022
"397",0,11,NA,"C_999",60172,8589,NA
"398",1,11,0.947179499962609,"C_999",75996,12257,80234
"399",2,11,0.932494319174969,"C_999",80022,15984,85815
"400",3,11,0.965850736889648,"C_999",98369,14941,101847
"401",4,11,0.949220562941931,"C_999",104307,14756,109887
"402",5,11,0.95943783862405,"C_999",105542,17197,110004
"403",6,11,0.915373137652273,"C_999",82206,16010,89806
"404",7,11,0.922478919156139,"C_999",88284,13655,95703
"405",8,11,0.980762268212731,"C_999",100229,11849,102195
"406",9,11,0.916478611489065,"C_999",110465,15590,120532
"407",10,11,0.906930276580082,"C_999",120736,16392,133126
"408",11,11,0.929191825524354,"C_999",131266,21085,141269
"409",12,11,0.934550250316587,"C_999",142432,17110,152407
"410",13,11,0.938782575639294,"C_999",138293,22829,147311
"411",14,11,0.947122759824058,"C_999",130272,20128,137545
"412",15,11,0.932359372524164,"C_999",147103,19164,157775
"413",16,11,0.962998747093694,"C_999",154491,22193,160427
"414",17,11,0.959808062756748,"C_999",165421,23166,172348
"415",18,11,0.886356953837107,"C_999",120580,22282,136040
"416",19,11,0.968802358655982,"C_999",149182,20609,153986
"417",20,11,0.976288153669919,"C_999",173009,20161,177211
"418",21,11,0.983628820120191,"C_999",183974,29178,187036
"419",22,11,0.928164448891312,"C_999",154919,25684,166909
"420",23,11,0.880619906277872,"C_999",186606,28525,211903
"421",24,11,0.979338578332603,"C_999",198793,22402,202987
"422",25,11,0.961030779384412,"C_999",192210,29779,200004
"423",26,11,0.96164233476677,"C_999",175543,29283,182545
"424",27,11,0.946513243639351,"C_999",186642,25970,197189
"425",28,11,0.956136064299643,"C_999",205444,27909,214869
"426",29,11,0.931396301948655,"C_999",205670,32480,220819
"427",30,11,0.903175304082534,"C_999",134994,37420,149466
"428",31,11,0.930837918550692,"C_999",187952,31970,201917
"429",32,11,0.968867201115371,"C_999",208476,28752,215175
"430",33,11,0.948086448546234,"C_999",213419,38846,225105
"431",34,11,0.943917043194425,"C_999",179870,33527,190557
"432",35,11,0.948989699843238,"C_999",197350,32142,207958
"433",0,12,NA,"C_999",34461,5303,NA
"434",1,12,0.940185213298922,"C_999",49544,7476,52696
"435",2,12,0.96197340623835,"C_999",61928,11620,64376
"436",3,12,0.976951760180863,"C_999",66548,11904,68118
"437",4,12,0.938766600799596,"C_999",81714,11325,87044
"438",5,12,0.939608859303274,"C_999",84126,14774,89533
"439",6,12,0.954767685867786,"C_999",86902,14523,91019
"440",7,12,0.95770162375527,"C_999",64053,15324,66882
"441",8,12,0.940622518059075,"C_999",74613,8961,79323
"442",9,12,0.969456821196558,"C_999",85509,12026,88203
"443",10,12,0.919902811812103,"C_999",88594,14157,96308
"444",11,12,0.952228874313606,"C_999",99885,15840,104896
"445",12,12,0.934360049131185,"C_999",108781,14843,116423
"446",13,12,0.947506731461192,"C_999",117181,18759,123673
"447",14,12,0.971975981802368,"C_999",116225,18717,119576
"448",15,12,0.957827875712486,"C_999",108724,16761,113511
"449",16,12,0.969652452932308,"C_999",125410,17768,129335
"450",17,12,0.971976015710755,"C_999",130168,20570,133921
"451",18,12,0.896055042699582,"C_999",129583,20806,144615
"452",19,12,0.933873763638218,"C_999",91585,22510,98070
"453",20,12,0.972243781646154,"C_999",131530,13897,135285
"454",21,12,0.991054252929228,"C_999",147344,24335,148674
"455",22,12,0.92495939089478,"C_999",147482,24527,159447
"456",23,12,0.972798076260348,"C_999",127027,24340,130579
"457",24,12,0.908603930301845,"C_999",150960,20461,166145
"458",25,12,0.946222975935027,"C_999",164041,25429,173364
"459",26,12,0.947505570911925,"C_999",155624,27964,164246
"460",27,12,0.95403853549217,"C_999",143890,24721,150822
"461",28,12,0.960893170092038,"C_999",156812,23448,163194
"462",29,12,0.94068596243918,"C_999",165493,29516,175928
"463",30,12,0.928182265513378,"C_999",156563,36993,168677
"464",31,12,0.978734094049218,"C_999",101298,31495,103499
"465",32,12,0.95223269348214,"C_999",159040,20934,167018
"466",33,12,0.954878140362431,"C_999",165298,35367,173109
"467",34,12,0.923516813617779,"C_999",166016,33654,179765
"468",35,12,1,"C_999",151738,28577,151293
"469",0,13,NA,"C_999",26351,6438,NA
"470",1,13,0.992695170503722,"C_999",28674,5576,28885
"471",2,13,0.956947488802058,"C_999",40165,7572,41972
"472",3,13,0.925116418807271,"C_999",49268,8672,53256
"473",4,13,0.92805173807599,"C_999",53956,8409,58139
"474",5,13,0.921576096157102,"C_999",65325,10830,70884
"475",6,13,0.920743421968537,"C_999",66137,12296,71830
"476",7,13,0.895164441330621,"C_999",66440,12681,74221
"477",8,13,0.936470330952034,"C_999",51386,9181,54872
"478",9,13,0.945753174663524,"C_999",62188,8858,65755
"479",10,13,0.888622945588001,"C_999",66828,10305,75204
"480",11,13,0.894657577679138,"C_999",67722,12898,75696
"481",12,13,0.924005649970853,"C_999",82425,10681,89204
"482",13,13,0.922314805946642,"C_999",86669,14812,93969
"483",14,13,0.922316507742105,"C_999",94887,14302,102879
"484",15,13,0.915254901960784,"C_999",93356,14225,102000
"485",16,13,0.931318098952813,"C_999",87868,14376,94348
"486",17,13,0.928336064081558,"C_999",101987,15550,109860
"487",18,13,0.863374332545228,"C_999",97500,17239,112929
"488",19,13,0.898502133983345,"C_999",99156,19226,110357
"489",20,13,0.952173688425077,"C_999",73723,14159,77426
"490",21,13,0.954903012032309,"C_999",108646,17753,113777
"491",22,13,0.901228632899621,"C_999",114356,20455,126889
"492",23,13,0.939389579036565,"C_999",117512,22388,125094
"493",24,13,0.945419068095178,"C_999",104656,16329,110698
"494",25,13,0.930564553266885,"C_999",119223,22841,128119
"495",26,13,0.921409542262049,"C_999",129353,23655,140386
"496",27,13,0.924945865322007,"C_999",122165,23546,132078
"497",28,13,0.953993269309694,"C_999",116225,22060,121830
"498",29,13,0.925580136661931,"C_999",123129,23783,133029
"499",30,13,0.913702466713595,"C_999",122014,31955,133538
"500",31,13,0.915540594566069,"C_999",114503,31497,125066
"501",32,13,1,"C_999",80418,21385,79913
"502",33,13,0.912480979885993,"C_999",120536,26943,132097
"503",34,13,0.903838794194707,"C_999",122810,29422,135876
"504",35,13,0.885137793841176,"C_999",121471,28782,137234
"505",0,14,NA,"C_999",40878,12510,NA
"506",1,14,0.788388593868535,"C_999",17667,3942,22409
"507",2,14,0.932802006634841,"C_999",23057,3956,24718
"508",3,14,0.930766623354613,"C_999",32951,4763,35402
"509",4,14,0.946821980248164,"C_999",41129,5829,43439
"510",5,14,0.963468841705507,"C_999",44651,7612,46344
"511",6,14,0.938996288413165,"C_999",53381,8476,56849
"512",7,14,0.921567922969137,"C_999",51300,10471,55666
"513",8,14,0.939283587169233,"C_999",55197,7675,58765
"514",9,14,1,"C_999",44019,7754,43632
"515",10,14,0.90025360798409,"C_999",49342,7379,54809
"516",11,14,0.9680910003809,"C_999",55915,9070,57758
"517",12,14,0.93411866637786,"C_999",56063,7705,60017
"518",13,14,0.937096258838892,"C_999",67455,10442,71983
"519",14,14,0.949625235055751,"C_999",71710,11155,75514
"520",15,14,0.930696017820343,"C_999",78131,10938,83949
"521",16,14,0.939162429102288,"C_999",76831,11548,81808
"522",17,14,0.949699918039288,"C_999",71841,12222,75646
"523",18,14,0.874611247712396,"C_999",77899,12920,89067
"524",19,14,0.939281425385388,"C_999",76651,15894,81606
"525",20,14,0.946353999357533,"C_999",82488,11992,87164
"526",21,14,1,"C_999",60897,14373,59350
"527",22,14,0.901058687903883,"C_999",85196,14095,94551
"528",23,14,0.965408639966406,"C_999",91960,19101,95255
"529",24,14,0.944635427857101,"C_999",96725,15118,102394
"530",25,14,0.982545930252573,"C_999",85622,17513,87143
"531",26,14,0.959827542480345,"C_999",94615,20648,98575
"532",27,14,0.918435481244232,"C_999",101511,18827,110526
"533",28,14,0.961083849359349,"C_999",98711,19457,102708
"534",29,14,0.945651261386055,"C_999",90113,20933,95292
"535",30,14,0.927205122489919,"C_999",91517,24427,98702
"536",31,14,0.935064387187951,"C_999",88660,27197,94817
"537",32,14,0.92170279061444,"C_999",87559,19506,94997
"538",33,14,1,"C_999",59453,21339,59079
"539",34,14,0.871900784508743,"C_999",85911,22003,98533
"540",35,14,0.924036373231575,"C_999",91049,24276,98534
"541",0,15,NA,"C_999",90646,13909,NA
"542",1,15,1,"C_999",29546,11504,29374
"543",2,15,1,"C_999",14922,3156,14511
"544",3,15,0.971625956081915,"C_999",19690,2792,20265
"545",4,15,0.941444789836464,"C_999",27863,3355,29596
"546",5,15,0.962462210278804,"C_999",34383,5405,35724
"547",6,15,0.973181665068795,"C_999",37558,6058,38593
"548",7,15,0.932535864240728,"C_999",42643,7653,45728
"549",8,15,0.967018352690841,"C_999",43628,6184,45116
"550",9,15,0.986752887995982,"C_999",47151,7413,47784
"551",10,15,0.942546874582074,"C_999",35239,6632,37387
"552",11,15,0.943886097152429,"C_999",40572,6358,42984
"553",12,15,0.939824178464866,"C_999",46932,5978,49937
"554",13,15,0.950628085744641,"C_999",45633,8060,48003
"555",14,15,0.960266121464003,"C_999",57301,7783,59672
"556",15,15,0.949723853080344,"C_999",60014,8519,63191
"557",16,15,0.955159624754563,"C_999",65672,9376,68755
"558",17,15,0.954451874671275,"C_999",63514,10286,66545
"559",18,15,0.887954726554242,"C_999",54603,10348,61493
"560",19,15,0.93059436021924,"C_999",60953,12400,65499
"561",20,15,0.970641678304876,"C_999",64636,10060,66591
"562",21,15,1,"C_999",68313,14568,67920
"563",22,15,0.967129351895906,"C_999",46752,12556,48341
"564",23,15,0.954966535790636,"C_999",68346,13627,71569
"565",24,15,0.950205416920268,"C_999",74937,13096,78864
"566",25,15,0.952560449812158,"C_999",75559,17403,79322
"567",26,15,0.987893949850472,"C_999",68710,16070,69552
"568",27,15,0.94041988323689,"C_999",72970,17022,77593
"569",28,15,0.940460401667298,"C_999",79420,17063,84448
"570",29,15,0.932599638590503,"C_999",74317,19023,79688
"571",30,15,0.941273254723108,"C_999",65218,20826,69287
"572",31,15,0.91005268584827,"C_999",64429,20720,70797
"573",32,15,0.937119592038164,"C_999",68361,15712,72948
"574",33,15,0.91987801497089,"C_999",59724,22633,64926
"575",34,15,0.946798527394788,"C_999",39348,17894,41559
"576",35,15,0.895829952944994,"C_999",60731,18118,67793
"577",0,16,NA,"C_999",72266,9681,NA
"578",1,16,0.957444351786516,"C_999",74628,12701,77945
"579",2,16,0.953789458371721,"C_999",19670,8923,20623
"580",3,16,0.982534113060429,"C_999",12601,2097,12825
"581",4,16,0.959766201339235,"C_999",16913,2068,17622
"582",5,16,0.971510437986083,"C_999",23734,3433,24430
"583",6,16,0.96778585898841,"C_999",29141,4272,30111
"584",7,16,0.94426362896664,"C_999",30173,5604,31954
"585",8,16,0.975096596623088,"C_999",36845,4857,37786
"586",9,16,0.98266759106181,"C_999",36852,6126,37502
"587",10,16,0.909552151429408,"C_999",37288,6155,40996
"588",11,16,0.950163844893501,"C_999",27836,5943,29296
"589",12,16,0.927832777210931,"C_999",33646,4309,36263
"590",13,16,0.950233849751535,"C_999",39009,5880,41052
"591",14,16,0.988082862141535,"C_999",38969,6194,39439
"592",15,16,0.956874374030361,"C_999",48725,6380,50921
"593",16,16,0.967100714450334,"C_999",50355,7946,52068
"594",17,16,0.963912179859024,"C_999",54836,8783,56889
"595",18,16,0.890237603305785,"C_999",48258,9306,54208
"596",19,16,0.955770094297261,"C_999",42570,10063,44540
"597",20,16,0.961921892041867,"C_999",50271,8692,52261
"598",21,16,1,"C_999",53266,12668,51968
"599",22,16,0.93194317974868,"C_999",51173,13403,54910
"600",23,16,1,"C_999",35531,11558,35194
"601",24,16,0.916735894773278,"C_999",52969,10566,57780
"602",25,16,0.957136335198931,"C_999",56606,15796,59141
"603",26,16,0.926302972908986,"C_999",54776,16425,59134
"604",27,16,0.976150474799123,"C_999",53454,13950,54760
"605",28,16,0.955245411568409,"C_999",54961,15434,57536
"606",29,16,0.922861729690207,"C_999",58060,16507,62913
"607",30,16,0.923339861135838,"C_999",51864,18147,56170
"608",31,16,0.923453141584632,"C_999",44371,17169,48049
"609",32,16,0.933994673254333,"C_999",48394,12615,51814
"610",33,16,0.924390145232412,"C_999",45700,18923,49438
"611",34,16,0.865868467068195,"C_999",35653,18548,41176
"612",35,16,1,"C_999",25036,14431,24917
"613",0,17,NA,"C_999",39620,5728,NA
"614",1,17,0.956235525522667,"C_999",60283,9224,63042
"615",2,17,0.946218167996959,"C_999",59748,11484,63144
"616",3,17,0.98942731277533,"C_999",13476,6050,13620
"617",4,17,0.977360873094615,"C_999",10836,1514,11087
"618",5,17,0.972053219228455,"C_999",14539,1956,14957
"619",6,17,0.976263399693721,"C_999",20400,2838,20896
"620",7,17,0.930769842532209,"C_999",23407,3993,25148
"621",8,17,0.987699739873653,"C_999",26579,3263,26910
"622",9,17,0.984200193212627,"C_999",31582,4756,32089
"623",10,17,0.93576802507837,"C_999",29851,4952,31900
"624",11,17,0.943703190886777,"C_999",29989,5510,31778
"625",12,17,0.943457924582971,"C_999",22793,3677,24159
"626",13,17,0.942009998276159,"C_999",27323,4641,29005
"627",14,17,0.981617647058823,"C_999",33375,5009,34000
"628",15,17,0.95917401337199,"C_999",32422,5167,33802
"629",16,17,0.957825768148166,"C_999",40494,6448,42277
"630",17,17,0.95720233526388,"C_999",41153,7362,42993
"631",18,17,0.868421052631579,"C_999",40623,8058,46778
"632",19,17,0.932160032743272,"C_999",36440,9166,39092
"633",20,17,0.964180692861344,"C_999",34428,6863,35707
"634",21,17,1,"C_999",38236,12892,37379
"635",22,17,0.917051601906973,"C_999",37125,12783,40483
"636",23,17,0.950538533932866,"C_999",36360,12921,38252
"637",24,17,0.950187073582276,"C_999",25904,8269,27262
"638",25,17,0.903400213288361,"C_999",36426,12648,40321
"639",26,17,0.937587331159758,"C_999",38247,15813,40793
"640",27,17,0.878835717809571,"C_999",35628,14236,40540
"641",28,17,0.992565690050212,"C_999",40721,12428,41026
"642",29,17,0.941280650552521,"C_999",37735,14872,40089
"643",30,17,0.910860220133214,"C_999",38564,15722,42338
"644",31,17,0.92028097688475,"C_999",33801,15135,36729
"645",32,17,0.935098482402325,"C_999",31856,10304,34067
"646",33,17,0.943873166395022,"C_999",31851,14649,33745
"647",34,17,0.841544864969509,"C_999",26082,14707,30993
"648",35,17,0.853976650857351,"C_999",18726,13725,21928
"649",0,18,NA,"C_999",37865,5203,NA
"650",1,18,0.994261034197136,"C_999",33610,5816,33804
"651",2,18,0.951812838270384,"C_999",49065,8734,51549
"652",3,18,0.926022508921219,"C_999",47229,8746,51002
"653",4,18,1,"C_999",10191,3939,9537
"654",5,18,0.996188055908513,"C_999",9408,1392,9444
"655",6,18,0.978690549722051,"C_999",12676,1587,12952
"656",7,18,0.941109916841093,"C_999",16636,2723,17677
"657",8,18,0.999423935480774,"C_999",20819,2576,20831
"658",9,18,0.997364896971791,"C_999",23088,3430,23149
"659",10,18,0.931776988327412,"C_999",25704,3996,27586
"660",11,18,0.958886679920477,"C_999",24116,4701,25150
"661",12,18,0.946253071253071,"C_999",24648,3941,26048
"662",13,18,0.958444896647746,"C_999",17898,4119,18674
"663",14,18,0.965231150836077,"C_999",22570,3940,23383
"664",15,18,0.946239900559354,"C_999",27405,4413,28962
"665",16,18,0.971667952816669,"C_999",26442,5209,27213
"666",17,18,0.946076435344075,"C_999",32528,6112,34382
"667",18,18,0.879916098584164,"C_999",30204,6827,34326
"668",19,18,0.915937654016757,"C_999",29735,8159,32464
"669",20,18,0.958966666666667,"C_999",28769,6440,30000
"670",21,18,0.988123415046492,"C_999",23379,10768,23660
"671",22,18,0.862277944017272,"C_999",22765,11835,26401
"672",23,18,0.948980004039588,"C_999",23492,12370,24755
"673",24,18,0.895162808206286,"C_999",23780,9795,26565
"674",25,18,1,"C_999",15792,10316,15588
"675",26,18,0.859818505780467,"C_999",20750,12293,24133
"676",27,18,0.883956536870191,"C_999",22860,12386,25861
"677",28,18,0.939354894128763,"C_999",21871,12345,23283
"678",29,18,0.882930042293559,"C_999",25469,11875,28846
"679",30,18,0.915695818704117,"C_999",22951,12671,25064
"680",31,18,0.885500437932956,"C_999",22242,13446,25118
"681",32,18,0.91302920905809,"C_999",22256,9425,24376
"682",33,18,0.841928741554465,"C_999",17321,11283,20573
"683",34,18,0.790921862132442,"C_999",16327,11208,20643
"684",35,18,0.841865079365079,"C_999",12729,10962,15120
"685",0,19,NA,"C_999",27319,3805,NA
"686",1,19,0.96441970600898,"C_999",31361,5347,32518
"687",2,19,1,"C_999",28916,5224,28386
"688",3,19,0.950222847759794,"C_999",40508,6435,42630
"689",4,19,0.905315372270583,"C_999",37232,6103,41126
"690",5,19,1,"C_999",7850,3332,6859
"691",6,19,0.986754162109612,"C_999",8120,1179,8229
"692",7,19,0.982155929721816,"C_999",10733,1748,10928
"693",8,19,1,"C_999",14841,1898,14738
"694",9,19,0.998274422488171,"C_999",17934,2854,17965
"695",10,19,0.942585918066907,"C_999",18568,3389,19699
"696",11,19,0.953777405390309,"C_999",20490,4221,21483
"697",12,19,0.956496293406165,"C_999",19612,3612,20504
"698",13,19,0.949070650298279,"C_999",19250,4365,20283
"699",14,19,0.99793757734085,"C_999",14516,3352,14546
"700",15,19,0.939943402159103,"C_999",17936,3488,19082
"701",16,19,0.953710538885753,"C_999",21963,4376,23029
"702",17,19,0.991252541491323,"C_999",20964,5293,21149
"703",18,19,0.856036633036745,"C_999",22994,5667,26861
"704",19,19,0.949826172797116,"C_999",22130,6905,23299
"705",20,19,0.984516346194303,"C_999",23399,5968,23767
"706",21,19,0.974271102441082,"C_999",18479,9802,18967
"707",22,19,0.80592787066464,"C_999",11665,8905,14474
"708",23,19,0.906967246589888,"C_999",11104,10522,12243
"709",24,19,0.842753623188406,"C_999",12793,8312,15180
"710",25,19,0.800760167236792,"C_999",10534,10625,13155
"711",26,19,0.868217054263566,"C_999",7168,7536,8256
"712",27,19,0.737296110414053,"C_999",9402,7998,12752
"713",28,19,0.851171402122054,"C_999",11953,8817,14043
"714",29,19,0.891044160132068,"C_999",10795,9756,12115
"715",30,19,0.815581854043392,"C_999",13232,9245,16224
"716",31,19,0.863114415530772,"C_999",10448,10846,12105
"717",32,19,0.868018594623728,"C_999",12884,7399,14843
"718",33,19,0.887285986049461,"C_999",11194,9640,12616
"719",34,19,0.782258918175082,"C_999",7390,7874,9447
"720",35,19,0.713001383125864,"C_999",6186,7651,8676
"721",0,20,NA,"C_999",20076,2696,NA
"722",1,20,0.974928823354438,"C_999",22943,3786,23533
"723",2,20,0.924788455726806,"C_999",24481,4889,26472
"724",3,20,1,"C_999",26737,3823,25093
"725",4,20,0.931877216992989,"C_999",33364,4705,35803
"726",5,20,0.896860277610902,"C_999",28365,5605,31627
"727",6,20,1,"C_999",6177,2559,5291
"728",7,20,0.890053107506818,"C_999",6201,1153,6967
"729",8,20,1,"C_999",9620,1142,9591
"730",9,20,0.995404626528546,"C_999",12780,2002,12839
"731",10,20,0.920181700194679,"C_999",14180,2524,15410
"732",11,20,0.963198546115402,"C_999",14840,3161,15407
"733",12,20,0.949684813753582,"C_999",16572,3040,17450
"734",13,20,0.95208203853325,"C_999",15319,3522,16090
"735",14,20,0.951325178389399,"C_999",14932,3554,15696
"736",15,20,1,"C_999",11888,2704,11812
"737",16,20,0.949409208203178,"C_999",13981,3210,14726
"738",17,20,0.928482516691185,"C_999",16410,4289,17674
"739",18,20,0.852036825320416,"C_999",14160,4345,16619
"740",19,20,0.926714490674319,"C_999",16148,5569,17425
"741",20,20,0.959595382329409,"C_999",16791,4632,17498
"742",21,20,0.97992700729927,"C_999",14499,8603,14796
"743",22,20,0.85047680770299,"C_999",9186,7678,10801
"744",23,20,0.650618672665917,"C_999",2892,7220,4445
"745",24,20,0.594199178644764,"C_999",4630,3312,7792
"746",25,20,0.591972420586063,"C_999",4808,4671,8122
"747",26,20,0.528488269536073,"C_999",2996,4865,5669
"748",27,20,0.504498849131617,"C_999",2411,2389,4779
"749",28,20,0.590887442451183,"C_999",3722,3103,6299
"750",29,20,0.550445103857567,"C_999",4452,3865,8088
"751",30,20,0.654760125541773,"C_999",4381,4104,6691
"752",31,20,0.555970994788126,"C_999",4907,4406,8826
"753",32,20,0.676088720584258,"C_999",4999,3054,7394
"754",33,20,0.674293405114401,"C_999",5511,4711,8173
"755",34,20,0.58339381622877,"C_999",4019,4305,6889
"756",35,20,0.428192898781134,"C_999",1616,3616,3774
"757",0,21,NA,"C_999",13476,1755,NA
"758",1,21,0.977646247557752,"C_999",17013,2674,17402
"759",2,21,0.9760103626943,"C_999",18837,3643,19300
"760",3,21,0.851576640945032,"C_999",17878,3487,20994
"761",4,21,0.97165991902834,"C_999",23280,2778,23959
"762",5,21,0.967932957024622,"C_999",27951,4487,28877
"763",6,21,0.918371660466689,"C_999",21725,4709,23656
"764",7,21,1,"C_999",4948,2149,4028
"765",8,21,1,"C_999",5447,805,5396
"766",9,21,0.98454588682834,"C_999",8282,1208,8412
"767",10,21,0.922079116835327,"C_999",10023,1910,10870
"768",11,21,0.950173913043478,"C_999",10927,2680,11500
"769",12,21,0.941752943965858,"C_999",11916,2187,12653
"770",13,21,0.959236053446063,"C_999",12707,3325,13247
"771",14,21,0.962863861185437,"C_999",11875,2986,12333
"772",15,21,0.884835895305359,"C_999",10649,2897,12035
"773",16,21,1,"C_999",9556,2571,9317
"774",17,21,0.939204126750184,"C_999",10196,3125,10856
"775",18,21,0.82187572010139,"C_999",10700,3391,13019
"776",19,21,0.946452999804573,"C_999",9686,3926,10234
"777",20,21,0.947472042841392,"C_999",12031,3450,12698
"778",21,21,0.998592342342342,"C_999",10641,6135,10656
"779",22,21,0.808872901678657,"C_999",6746,6159,8340
"780",23,21,0.625891074992871,"C_999",2195,5679,3507
"781",24,21,0.998164014687883,"C_999",1631,1258,1634
"782",25,21,0.771067894916411,"C_999",2260,1699,2931
"783",26,21,0.691522762951334,"C_999",1762,2260,2548
"784",27,21,0.887700534759358,"C_999",1494,1313,1683
"785",28,21,1,"C_999",1507,977,1434
"786",29,21,0.817958179581796,"C_999",1995,1283,2439
"787",30,21,0.822517031193976,"C_999",2294,1663,2789
"788",31,21,0.866477272727273,"C_999",2135,1917,2464
"789",32,21,0.846930193439865,"C_999",3021,1340,3567
"790",33,21,0.923974658219406,"C_999",2771,2000,2999
"791",34,21,0.680188124632569,"C_999",2314,2109,3402
"792",35,21,0.581305309734513,"C_999",1051,2211,1808
"793",0,22,NA,"C_999",8778,1245,NA
"794",1,22,0.971499913897021,"C_999",11283,1862,11614
"795",2,22,0.960743370223429,"C_999",13803,2646,14367
"796",3,22,0.975506651746861,"C_999",15692,2751,16086
"797",4,22,0.955128622598502,"C_999",14666,2523,15355
"798",5,22,1,"C_999",20734,2789,20491
"799",6,22,0.974404088643123,"C_999",23260,4080,23871
"800",7,22,0.917423133235725,"C_999",15665,4650,17075
"801",8,22,1,"C_999",3752,1576,3372
"802",9,22,1,"C_999",4783,841,4606
"803",10,22,0.886331544761367,"C_999",6277,1200,7082
"804",11,22,0.946307868894274,"C_999",7420,2182,7841
"805",12,22,0.948080763257156,"C_999",8546,1913,9014
"806",13,22,0.984960813386994,"C_999",9300,2474,9442
"807",14,22,0.944837340876945,"C_999",9352,2809,9898
"808",15,22,0.951774244498263,"C_999",9039,2378,9497
"809",16,22,0.869820269595607,"C_999",6969,2637,8012
"810",17,22,0.949000689179876,"C_999",6885,2301,7255
"811",18,22,0.843518878941222,"C_999",6501,2489,7707
"812",19,22,0.88764800861141,"C_999",6597,3268,7432
"813",20,22,1,"C_999",7512,2193,7493
"814",21,22,0.962585490143489,"C_999",7178,4574,7457
"815",22,22,0.746585971446307,"C_999",4811,4197,6444
"816",23,22,0.661381653454134,"C_999",1752,4097,2649
"817",24,22,1,"C_999",1250,1085,1110
"818",25,22,1,"C_999",1001,813,818
"819",26,22,0.799833887043189,"C_999",963,1056,1204
"820",27,22,0.964250248262165,"C_999",971,755,1007
"821",28,22,1,"C_999",793,721,773
"822",29,22,0.997870074547391,"C_999",937,568,939
"823",30,22,1,"C_999",1163,835,1160
"824",31,22,0.968824940047962,"C_999",1212,1043,1251
"825",32,22,1,"C_999",1423,739,1396
"826",33,22,0.960401267159451,"C_999",1819,1127,1894
"827",34,22,0.728172293364377,"C_999",1251,1053,1718
"828",35,22,0.668273866923819,"C_999",693,1277,1037
"829",0,23,NA,"C_999",6780,1041,NA
"830",1,23,1,"C_999",7332,1492,7286
"831",2,23,0.982822215196543,"C_999",9326,1794,9489
"832",3,23,0.97320819112628,"C_999",11406,2083,11720
"833",4,23,0.981115566897557,"C_999",13456,1977,13715
"834",5,23,0.934998767359684,"C_999",11378,2497,12169
"835",6,23,0.953520352035203,"C_999",17335,2554,18180
"836",7,23,0.941458583120471,"C_999",18060,4077,19183
"837",8,23,0.873515831134565,"C_999",10594,3537,12128
"838",9,23,1,"C_999",3362,1045,2707
"839",10,23,0.92806663301363,"C_999",3677,821,3962
"840",11,23,0.924204355108878,"C_999",4414,1501,4776
"841",12,23,0.888431170614487,"C_999",5176,1594,5826
"842",13,23,0.936025848142165,"C_999",5794,2356,6190
"843",14,23,0.920441988950276,"C_999",6664,2060,7240
"844",15,23,0.935814082169041,"C_999",6765,2123,7229
"845",16,23,0.940909777844945,"C_999",6226,2422,6617
"846",17,23,0.938852097130243,"C_999",4253,2439,4530
"847",18,23,0.826826439891767,"C_999",4278,1711,5174
"848",19,23,0.932261768082664,"C_999",4060,2146,4355
"849",20,23,0.882329236348982,"C_999",4379,1634,4963
"850",21,23,0.911508189746862,"C_999",4285,2811,4701
"851",22,23,0.763768455589407,"C_999",3259,2911,4267
"852",23,23,0.61814556331007,"C_999",1240,2805,2006
"853",24,23,1,"C_999",931,868,884
"854",25,23,1,"C_999",574,734,516
"855",26,23,1,"C_999",465,591,410
"856",27,23,1,"C_999",581,444,519
"857",28,23,1,"C_999",637,498,473
"858",29,23,1,"C_999",475,399,394
"859",30,23,1,"C_999",640,374,563
"860",31,23,1,"C_999",633,595,568
"861",32,23,1,"C_999",850,463,749
"862",33,23,1,"C_999",866,652,771
"863",34,23,0.644289450741064,"C_999",739,672,1147
"864",35,23,0.6996336996337,"C_999",382,705,546
"865",0,24,NA,"C_999",4485,752,NA
"866",1,24,0.976883712722781,"C_999",5536,1113,5667
"867",2,24,0.986361340292979,"C_999",5858,1393,5939
"868",3,24,0.989516230895541,"C_999",7834,1409,7917
"869",4,24,0.969426104621635,"C_999",9544,1561,9845
"870",5,24,0.984876300375907,"C_999",11266,2017,11439
"871",6,24,0.981459394990784,"C_999",9052,2155,9223
"872",7,24,0.899442480282839,"C_999",13229,2627,14708
"873",8,24,0.970143338397516,"C_999",14687,2921,15139
"874",9,24,0.975861133713046,"C_999",7196,3220,7374
"875",10,24,1,"C_999",2395,1080,2282
"876",11,24,0.939139941690962,"C_999",2577,933,2744
"877",12,24,0.83489187609585,"C_999",2857,992,3422
"878",13,24,0.892723612309462,"C_999",3104,1699,3477
"879",14,24,0.975114762019812,"C_999",4036,1655,4139
"880",15,24,0.905144694533762,"C_999",4504,1688,4976
"881",16,24,0.953488372093023,"C_999",4305,2250,4515
"882",17,24,0.875707547169811,"C_999",3713,1986,4240
"883",18,24,0.870175438596491,"C_999",2232,1688,2565
"884",19,24,0.839392869749382,"C_999",2378,1445,2833
"885",20,24,0.970588235294118,"C_999",2805,1170,2890
"886",21,24,0.99660441426146,"C_999",2348,2023,2356
"887",22,24,0.717958706661473,"C_999",1843,1718,2567
"888",23,24,0.651649235720032,"C_999",810,2016,1243
"889",24,24,1,"C_999",677,589,651
"890",25,24,1,"C_999",459,541,390
"891",26,24,1,"C_999",278,401,173
"892",27,24,1,"C_999",251,290,175
"893",28,24,1,"C_999",354,294,287
"894",29,24,1,"C_999",423,335,302
"895",30,24,1,"C_999",292,317,158
"896",31,24,1,"C_999",406,288,352
"897",32,24,1,"C_999",471,321,312
"898",33,24,1,"C_999",572,430,420
"899",34,24,0.687872763419483,"C_999",346,363,503
"900",35,24,0.724770642201835,"C_999",237,412,327
"901",0,25,NA,"C_999",2619,418,NA
"902",1,25,0.957772499340195,"C_999",3629,696,3789
"903",2,25,0.986601161232693,"C_999",4418,1058,4478
"904",3,25,1,"C_999",4817,1053,4805
"905",4,25,0.963171128531282,"C_999",6512,1073,6761
"906",5,25,0.997076395068006,"C_999",7844,1677,7867
"907",6,25,0.976522842639594,"C_999",9234,1810,9456
"908",7,25,1,"C_999",6954,2188,6864
"909",8,25,0.965306664306576,"C_999",10907,1930,11299
"910",9,25,0.947030775899437,"C_999",10924,3152,11535
"911",10,25,1,"C_999",4716,3191,4005
"912",11,25,1,"C_999",1702,1076,1319
"913",12,25,0.898348813209494,"C_999",1741,639,1938
"914",13,25,0.822757111597374,"C_999",1504,1029,1828
"915",14,25,0.874868559411146,"C_999",1664,1202,1902
"916",15,25,0.860793287566743,"C_999",2257,1414,2622
"917",16,25,0.887686567164179,"C_999",2379,1824,2680
"918",17,25,0.892622634221707,"C_999",2311,1716,2589
"919",18,25,0.823672674135412,"C_999",1691,1660,2053
"920",19,25,1,"C_999",971,1262,970
"921",20,25,0.838888888888889,"C_999",1359,758,1620
"922",21,25,0.987101154107264,"C_999",1454,1332,1473
"923",22,25,0.761295822676897,"C_999",893,1175,1173
"924",23,25,0.632311977715877,"C_999",454,1125,718
"925",24,25,1,"C_999",388,481,329
"926",25,25,1,"C_999",301,390,287
"927",26,25,1,"C_999",174,341,118
"928",27,25,1,"C_999",141,208,70
"929",28,25,1,"C_999",132,198,53
"930",29,25,1,"C_999",217,187,167
"931",30,25,1,"C_999",260,281,142
"932",31,25,1,"C_999",193,262,30
"933",32,25,1,"C_999",304,178,228
"934",33,25,1,"C_999",336,298,173
"935",34,25,0.604719764011799,"C_999",205,233,339
"936",35,25,1,"C_999",135,253,93
"937",0,26,NA,"C_999",3063,1223,NA
"938",1,26,1,"C_999",4628,1761,3921
"939",2,26,1,"C_999",6602,2257,6000
"940",3,26,1,"C_999",8986,2468,8552
"941",4,26,1,"C_999",11113,2762,11041
"942",5,26,1,"C_999",14369,3788,13837
"943",6,26,1,"C_999",18219,4604,17609
"944",7,26,0.983542617960426,"C_999",20678,6429,21024
"945",8,26,1,"C_999",22340,5796,21836
"946",9,26,1,"C_999",26983,8719,24528
"947",10,26,0.90872581234027,"C_999",24890,10517,27390
"948",11,26,1,"C_999",17586,12027,17579
"949",12,26,1,"C_999",13259,6097,13191
"950",13,26,1,"C_999",8505,7214,7786
"951",14,26,1,"C_999",4256,6132,3877
"952",15,26,1,"C_999",3364,4471,1449
"953",16,26,1,"C_999",3106,3506,2115
"954",17,26,1,"C_999",2712,3474,2011
"955",18,26,1,"C_999",2153,3170,1853
"956",19,26,1,"C_999",1589,2994,850
"957",20,26,1,"C_999",1418,2157,403
"958",21,26,1,"C_999",1400,2815,-38
"959",22,26,1,"C_999",1258,2641,213
"960",23,26,1,"C_999",616,2714,-563
"961",24,26,1,"C_999",641,1689,-619
"962",25,26,1,"C_999",599,1838,-809
"963",26,26,1,"C_999",398,1687,-787
"964",27,26,1,"C_999",343,1722,-1150
"965",28,26,1,"C_999",325,1690,-1206
"966",29,26,1,"C_999",315,1356,-899
"967",30,26,1,"C_999",285,1348,-816
"968",31,26,1,"C_999",347,1211,-666
"969",32,26,1,"C_999",404,1129,-589
"970",33,26,1,"C_999",521,1919,-1211
"971",34,26,1,"C_999",361,1097,-240
"972",35,26,1,"C_999",340,1173,-607
"973",0,NA,NA,"C_999",0,0,NA
"974",1,NA,0,"C_999",0,0,1521120
"975",2,NA,0,"C_999",0,0,1680207
"976",3,NA,0,"C_999",0,0,1610221
"977",4,NA,0,"C_999",0,0,1473439
"978",5,NA,0,"C_999",0,0,1631108
"979",6,NA,0,"C_999",0,0,1592854
"980",7,NA,0,"C_999",0,0,1688637
"981",8,NA,0,"C_999",0,0,1432235
"982",9,NA,0,"C_999",0,0,1523308
"983",10,NA,0,"C_999",0,0,1557737
"984",11,NA,0,"C_999",0,0,1791705
"985",12,NA,0,"C_999",0,0,1500150
"986",13,NA,0,"C_999",0,0,1746223
"987",14,NA,0,"C_999",0,0,1609575
"988",15,NA,0,"C_999",0,0,1607262
"989",16,NA,0,"C_999",0,0,1654935
"990",17,NA,0,"C_999",0,0,1637005
"991",18,NA,0,"C_999",0,0,1665614
"992",19,NA,0,"C_999",0,0,1748249
"993",20,NA,0,"C_999",0,0,1406821
"994",21,NA,0,"C_999",0,0,1725748
"995",22,NA,0,"C_999",0,0,1651320
"996",23,NA,0,"C_999",0,0,1905006
"997",24,NA,0,"C_999",0,0,1525317
"998",25,NA,0,"C_999",0,0,1749897
"999",26,NA,0,"C_999",0,0,1839788
"1000",27,NA,0,"C_999",0,0,1757842
"1001",28,NA,0,"C_999",0,0,1735115
"1002",29,NA,0,"C_999",0,0,1715394
"1003",30,NA,0,"C_999",0,0,1784639
"1004",31,NA,0,"C_999",0,0,1800043
"1005",32,NA,0,"C_999",0,0,1454072
"1006",33,NA,0,"C_999",0,0,1814017
"1007",34,NA,0,"C_999",0,0,1751518
"1008",35,NA,0,"C_999",0,0,1679917
